Month_Start,Client_ID,Client,Product_ID,Product,Region,Banker_ID,Banker,Revenue_CAD,Planned_Revenue_CAD,Direct_Expense_CAD,Allocated_Expense_CAD,Recovered_Expense_CAD,Capital_CAD,Transaction_Count
2025-01-01,C001,Northstar Energy,P01,M&A Advisory,Canada,B009,Grace Liu,192000,179000,27700,10500,24300,2010000,2
2025-01-01,C001,Northstar Energy,P02,Debt Capital Markets,Canada,B009,Grace Liu,152000,137000,14400,7900,12500,5630000,4
2025-01-01,C001,Northstar Energy,P03,Equity Capital Markets,Canada,B009,Grace Liu,114000,135000,12600,6900,9700,3420000,2
2025-01-01,C001,Northstar Energy,P04,Corporate Lending,Canada,B009,Grace Liu,154000,135000,12600,8000,10600,12950000,4
2025-01-01,C001,Northstar Energy,P05,Treasury & Risk Solutions,Canada,B009,Grace Liu,103000,92000,10100,7000,7400,1930000,7
2025-01-01,C002,Aurora Mobility,P01,M&A Advisory,United States,B002,Daniel Brooks,147000,168000,20400,8100,16900,2050000,3
2025-01-01,C002,Aurora Mobility,P02,Debt Capital Markets,United States,B002,Daniel Brooks,163000,144000,16900,8500,14400,7560000,3
2025-01-01,C002,Aurora Mobility,P03,Equity Capital Markets,United States,B002,Daniel Brooks,104000,137000,12600,6200,10100,3800000,2
2025-01-01,C002,Aurora Mobility,P04,Corporate Lending,United States,B002,Daniel Brooks,113000,124000,7800,6100,6600,12540000,5
2025-01-01,C002,Aurora Mobility,P05,Treasury & Risk Solutions,United States,B002,Daniel Brooks,94000,92000,9300,6100,7100,1510000,14
2025-01-01,C003,Maple Health Systems,P01,M&A Advisory,Canada,B007,Nadia Hassan,145000,123000,19600,8400,17600,1380000,3
2025-01-01,C003,Maple Health Systems,P02,Debt Capital Markets,Canada,B007,Nadia Hassan,113000,100000,11100,5900,9200,5170000,6
2025-01-01,C003,Maple Health Systems,P03,Equity Capital Markets,Canada,B007,Nadia Hassan,88000,106000,10800,5400,8100,2240000,1
2025-01-01,C003,Maple Health Systems,P04,Corporate Lending,Canada,B007,Nadia Hassan,89000,85000,6200,4600,4900,8100000,5
2025-01-01,C003,Maple Health Systems,P05,Treasury & Risk Solutions,Canada,B007,Nadia Hassan,70000,70000,7700,4500,6400,1350000,11
2025-01-01,C004,Horizon Telecom,P01,M&A Advisory,United States,B006,James Wilson,184000,167000,22700,10400,19500,2190000,3
2025-01-01,C004,Horizon Telecom,P02,Debt Capital Markets,United States,B006,James Wilson,172000,168000,17900,8300,15700,6640000,2
2025-01-01,C004,Horizon Telecom,P03,Equity Capital Markets,United States,B006,James Wilson,128000,155000,13600,7200,10900,3220000,3
2025-01-01,C004,Horizon Telecom,P04,Corporate Lending,United States,B006,James Wilson,145000,146000,10400,7600,8200,13590000,5
2025-01-01,C004,Horizon Telecom,P05,Treasury & Risk Solutions,United States,B006,James Wilson,94000,100000,9600,5900,7700,1930000,14
2025-01-01,C005,Cascade Consumer Brands,P01,M&A Advisory,Canada,B003,Priya Nair,137000,126000,16700,7400,13500,1490000,3
2025-01-01,C005,Cascade Consumer Brands,P02,Debt Capital Markets,Canada,B003,Priya Nair,111000,114000,11000,5200,9600,5150000,3
2025-01-01,C005,Cascade Consumer Brands,P03,Equity Capital Markets,Canada,B003,Priya Nair,66000,91000,7300,4200,5500,2420000,3
2025-01-01,C005,Cascade Consumer Brands,P04,Corporate Lending,Canada,B003,Priya Nair,73000,95000,5700,3700,4600,9260000,3
2025-01-01,C005,Cascade Consumer Brands,P05,Treasury & Risk Solutions,Canada,B003,Priya Nair,60000,60000,6700,4100,4900,1170000,12
2025-01-01,C006,Summit Mining,P01,M&A Advisory,Canada,B009,Grace Liu,164000,185000,23800,8800,21400,1920000,2
2025-01-01,C006,Summit Mining,P02,Debt Capital Markets,Canada,B009,Grace Liu,166000,150000,16300,8600,14300,5630000,6
2025-01-01,C006,Summit Mining,P03,Equity Capital Markets,Canada,B009,Grace Liu,104000,132000,12100,6200,8700,3920000,2
2025-01-01,C006,Summit Mining,P04,Corporate Lending,Canada,B009,Grace Liu,120000,130000,9800,6500,7400,12930000,2
2025-01-01,C006,Summit Mining,P05,Treasury & Risk Solutions,Canada,B009,Grace Liu,79000,83000,7900,5000,6000,1990000,6
2025-01-01,C007,BlueWave Infrastructure,P01,M&A Advisory,Europe,B012,Lucas Moreau,188000,202000,24100,9900,21900,2320000,3
2025-01-01,C007,BlueWave Infrastructure,P02,Debt Capital Markets,Europe,B012,Lucas Moreau,166000,138000,16500,7800,14600,6200000,5
2025-01-01,C007,BlueWave Infrastructure,P03,Equity Capital Markets,Europe,B012,Lucas Moreau,105000,139000,12100,6500,8800,3170000,3
2025-01-01,C007,BlueWave Infrastructure,P04,Corporate Lending,Europe,B012,Lucas Moreau,123000,140000,9100,5700,6900,13290000,3
2025-01-01,C007,BlueWave Infrastructure,P05,Treasury & Risk Solutions,Europe,B012,Lucas Moreau,110000,100000,11900,6600,9000,1650000,14
2025-01-01,C008,Greenfield Renewables,P01,M&A Advisory,Europe,B005,Sofia Martin,147000,167000,21100,7400,17000,2470000,3
2025-01-01,C008,Greenfield Renewables,P02,Debt Capital Markets,Europe,B005,Sofia Martin,166000,162000,15600,8000,12200,6540000,5
2025-01-01,C008,Greenfield Renewables,P03,Equity Capital Markets,Europe,B005,Sofia Martin,102000,158000,12900,5700,9300,3730000,3
2025-01-01,C008,Greenfield Renewables,P04,Corporate Lending,Europe,B005,Sofia Martin,123000,144000,9500,6000,7200,12190000,4
2025-01-01,C008,Greenfield Renewables,P05,Treasury & Risk Solutions,Europe,B005,Sofia Martin,86000,89000,9500,6000,7000,1640000,12
2025-01-01,C009,Atlas Logistics,P01,M&A Advisory,United States,B010,Michael Torres,124000,119000,17800,6700,15600,1300000,1
2025-01-01,C009,Atlas Logistics,P02,Debt Capital Markets,United States,B010,Michael Torres,117000,101000,11900,6200,9900,4230000,5
2025-01-01,C009,Atlas Logistics,P03,Equity Capital Markets,United States,B010,Michael Torres,81000,88000,8900,5000,6400,2740000,3
2025-01-01,C009,Atlas Logistics,P04,Corporate Lending,United States,B010,Michael Torres,91000,102000,7300,4700,6200,7310000,3
2025-01-01,C009,Atlas Logistics,P05,Treasury & Risk Solutions,United States,B010,Michael Torres,56000,56000,5900,3800,4600,1210000,12
2025-01-01,C010,Cedar Financial Group,P01,M&A Advisory,Canada,B007,Nadia Hassan,233000,205000,30200,12100,25500,2230000,2
2025-01-01,C010,Cedar Financial Group,P02,Debt Capital Markets,Canada,B007,Nadia Hassan,158000,144000,14200,8500,12400,7340000,5
2025-01-01,C010,Cedar Financial Group,P03,Equity Capital Markets,Canada,B007,Nadia Hassan,114000,137000,12200,6900,8600,3960000,3
2025-01-01,C010,Cedar Financial Group,P04,Corporate Lending,Canada,B007,Nadia Hassan,138000,130000,10600,6400,9000,14180000,4
2025-01-01,C010,Cedar Financial Group,P05,Treasury & Risk Solutions,Canada,B007,Nadia Hassan,108000,90000,11600,7300,8600,1510000,8
2025-01-01,C011,Polar Data Systems,P01,M&A Advisory,Canada,B007,Nadia Hassan,151000,126000,19300,8400,17700,1640000,2
2025-01-01,C011,Polar Data Systems,P02,Debt Capital Markets,Canada,B007,Nadia Hassan,105000,95000,9200,5400,8100,4250000,2
2025-01-01,C011,Polar Data Systems,P03,Equity Capital Markets,Canada,B007,Nadia Hassan,98000,109000,10900,5700,7800,2360000,2
2025-01-01,C011,Polar Data Systems,P04,Corporate Lending,Canada,B007,Nadia Hassan,93000,103000,7500,4900,6400,9310000,2
2025-01-01,C011,Polar Data Systems,P05,Treasury & Risk Solutions,Canada,B007,Nadia Hassan,64000,56000,7500,4400,6200,1340000,8
2025-01-01,C012,Evergreen Foods,P01,M&A Advisory,United States,B002,Daniel Brooks,152000,141000,21000,8800,17600,1420000,1
2025-01-01,C012,Evergreen Foods,P02,Debt Capital Markets,United States,B002,Daniel Brooks,99000,99000,9500,4900,7800,4770000,5
2025-01-01,C012,Evergreen Foods,P03,Equity Capital Markets,United States,B002,Daniel Brooks,73000,102000,8900,4200,7100,2860000,1
2025-01-01,C012,Evergreen Foods,P04,Corporate Lending,United States,B002,Daniel Brooks,73000,88000,5800,3500,4400,8940000,4
2025-01-01,C012,Evergreen Foods,P05,Treasury & Risk Solutions,United States,B002,Daniel Brooks,66000,68000,6500,4500,5200,1300000,5
2025-01-01,C013,Meridian Pharma,P01,M&A Advisory,Europe,B005,Sofia Martin,171000,172000,21800,9800,18500,2260000,3
2025-01-01,C013,Meridian Pharma,P02,Debt Capital Markets,Europe,B005,Sofia Martin,152000,167000,13800,7900,11000,6080000,5
2025-01-01,C013,Meridian Pharma,P03,Equity Capital Markets,Europe,B005,Sofia Martin,100000,149000,11000,6300,8100,4070000,2
2025-01-01,C013,Meridian Pharma,P04,Corporate Lending,Europe,B005,Sofia Martin,109000,139000,8500,5400,7300,11750000,4
2025-01-01,C013,Meridian Pharma,P05,Treasury & Risk Solutions,Europe,B005,Sofia Martin,90000,102000,8900,5500,7000,1680000,14
2025-01-01,C014,Harbour Real Estate,P01,M&A Advisory,Canada,B007,Nadia Hassan,167000,133000,21900,8800,19600,1550000,1
2025-01-01,C014,Harbour Real Estate,P02,Debt Capital Markets,Canada,B007,Nadia Hassan,104000,97000,10400,5600,8300,4620000,4
2025-01-01,C014,Harbour Real Estate,P03,Equity Capital Markets,Canada,B007,Nadia Hassan,90000,109000,10300,5700,7200,2830000,3
2025-01-01,C014,Harbour Real Estate,P04,Corporate Lending,Canada,B007,Nadia Hassan,96000,90000,7800,5200,6200,7550000,5
2025-01-01,C014,Harbour Real Estate,P05,Treasury & Risk Solutions,Canada,B007,Nadia Hassan,77000,69000,8100,4800,6300,1280000,10
2025-01-01,C015,Titan Aerospace,P01,M&A Advisory,United States,B006,James Wilson,180000,195000,25700,9800,22200,2260000,1
2025-01-01,C015,Titan Aerospace,P02,Debt Capital Markets,United States,B006,James Wilson,151000,158000,14600,7400,12400,7480000,3
2025-01-01,C015,Titan Aerospace,P03,Equity Capital Markets,United States,B006,James Wilson,134000,161000,16900,7700,13300,3190000,1
2025-01-01,C015,Titan Aerospace,P04,Corporate Lending,United States,B006,James Wilson,120000,138000,9200,6200,7100,11190000,4
2025-01-01,C015,Titan Aerospace,P05,Treasury & Risk Solutions,United States,B006,James Wilson,88000,93000,10100,5800,8400,1910000,13
2025-01-01,C016,Nova Retail Holdings,P01,M&A Advisory,Canada,B011,Aisha Patel,89000,90000,10800,4700,9100,1040000,2
2025-01-01,C016,Nova Retail Holdings,P02,Debt Capital Markets,Canada,B011,Aisha Patel,70000,72000,7200,3300,6000,3200000,4
2025-01-01,C016,Nova Retail Holdings,P03,Equity Capital Markets,Canada,B011,Aisha Patel,47000,69000,5200,2700,3700,1790000,2
2025-01-01,C016,Nova Retail Holdings,P04,Corporate Lending,Canada,B011,Aisha Patel,38000,59000,2700,1900,2100,6090000,3
2025-01-01,C016,Nova Retail Holdings,P05,Treasury & Risk Solutions,Canada,B011,Aisha Patel,34000,35000,3500,2100,2600,740000,8
2025-01-01,C017,Boreal Resources,P01,M&A Advisory,Canada,B007,Nadia Hassan,136000,133000,17000,8000,15600,1410000,2
2025-01-01,C017,Boreal Resources,P02,Debt Capital Markets,Canada,B007,Nadia Hassan,97000,102000,9700,5000,8100,4630000,5
2025-01-01,C017,Boreal Resources,P03,Equity Capital Markets,Canada,B007,Nadia Hassan,90000,112000,10700,5700,8000,2620000,2
2025-01-01,C017,Boreal Resources,P04,Corporate Lending,Canada,B007,Nadia Hassan,80000,84000,6100,3800,5000,9680000,2
2025-01-01,C017,Boreal Resources,P05,Treasury & Risk Solutions,Canada,B007,Nadia Hassan,57000,66000,5500,3700,4200,1180000,11
2025-01-01,C018,Silverline Insurance,P01,M&A Advisory,Europe,B005,Sofia Martin,140000,140000,18500,7100,16800,1690000,3
2025-01-01,C018,Silverline Insurance,P02,Debt Capital Markets,Europe,B005,Sofia Martin,109000,96000,11100,5200,9400,4560000,5
2025-01-01,C018,Silverline Insurance,P03,Equity Capital Markets,Europe,B005,Sofia Martin,77000,104000,8600,4800,6500,2170000,3
2025-01-01,C018,Silverline Insurance,P04,Corporate Lending,Europe,B005,Sofia Martin,78000,88000,5800,4000,4600,7860000,2
2025-01-01,C018,Silverline Insurance,P05,Treasury & Risk Solutions,Europe,B005,Sofia Martin,58000,57000,6500,3800,5400,1290000,8
2025-01-01,C019,Redwood Media,P01,M&A Advisory,United States,B002,Daniel Brooks,55000,72000,6700,3000,5700,940000,2
2025-01-01,C019,Redwood Media,P02,Debt Capital Markets,United States,B002,Daniel Brooks,64000,66000,6100,3400,5300,3150000,3
2025-01-01,C019,Redwood Media,P03,Equity Capital Markets,United States,B002,Daniel Brooks,40000,61000,5000,2600,4000,1730000,3
2025-01-01,C019,Redwood Media,P04,Corporate Lending,United States,B002,Daniel Brooks,40000,63000,3200,2000,2500,5250000,4
2025-01-01,C019,Redwood Media,P05,Treasury & Risk Solutions,United States,B002,Daniel Brooks,32000,42000,3200,2200,2500,810000,12
2025-01-01,C020,Glacier Manufacturing,P01,M&A Advisory,Canada,B007,Nadia Hassan,108000,115000,12900,5800,11500,1650000,1
2025-01-01,C020,Glacier Manufacturing,P02,Debt Capital Markets,Canada,B007,Nadia Hassan,106000,112000,9500,5200,7500,4640000,3
2025-01-01,C020,Glacier Manufacturing,P03,Equity Capital Markets,Canada,B007,Nadia Hassan,65000,96000,7700,4000,6000,2220000,1
2025-01-01,C020,Glacier Manufacturing,P04,Corporate Lending,Canada,B007,Nadia Hassan,71000,82000,5600,3700,4600,8200000,5
2025-01-01,C020,Glacier Manufacturing,P05,Treasury & Risk Solutions,Canada,B007,Nadia Hassan,52000,62000,5900,3400,4400,1210000,12
2025-01-01,C021,Trillium Utilities,P01,M&A Advisory,Canada,B007,Nadia Hassan,137000,117000,19200,7100,15700,1580000,1
2025-01-01,C021,Trillium Utilities,P02,Debt Capital Markets,Canada,B007,Nadia Hassan,122000,111000,11000,6200,9500,5100000,4
2025-01-01,C021,Trillium Utilities,P03,Equity Capital Markets,Canada,B007,Nadia Hassan,92000,104000,11300,5100,8600,2730000,2
2025-01-01,C021,Trillium Utilities,P04,Corporate Lending,Canada,B007,Nadia Hassan,78000,82000,6200,3700,5100,8280000,5
2025-01-01,C021,Trillium Utilities,P05,Treasury & Risk Solutions,Canada,B007,Nadia Hassan,55000,56000,5800,3500,4300,1130000,9
2025-01-01,C022,Beacon Education Group,P01,M&A Advisory,Canada,B003,Priya Nair,105000,88000,14500,5400,13300,980000,2
2025-01-01,C022,Beacon Education Group,P02,Debt Capital Markets,Canada,B003,Priya Nair,87000,74000,8500,4000,6800,2870000,4
2025-01-01,C022,Beacon Education Group,P03,Equity Capital Markets,Canada,B003,Priya Nair,52000,59000,6600,3300,5000,1440000,2
2025-01-01,C022,Beacon Education Group,P04,Corporate Lending,Canada,B003,Priya Nair,58000,64000,4400,3100,3600,4760000,2
2025-01-01,C022,Beacon Education Group,P05,Treasury & Risk Solutions,Canada,B003,Priya Nair,40000,35000,4000,2500,2900,750000,7
2025-01-01,C023,Keystone Agriculture,P01,M&A Advisory,Canada,B011,Aisha Patel,80000,72000,10800,4100,9900,980000,3
2025-01-01,C023,Keystone Agriculture,P02,Debt Capital Markets,Canada,B011,Aisha Patel,56000,59000,5400,3000,4400,2410000,3
2025-01-01,C023,Keystone Agriculture,P03,Equity Capital Markets,Canada,B011,Aisha Patel,42000,56000,4500,2300,3400,1530000,3
2025-01-01,C023,Keystone Agriculture,P04,Corporate Lending,Canada,B011,Aisha Patel,45000,62000,3500,2100,2900,4800000,4
2025-01-01,C023,Keystone Agriculture,P05,Treasury & Risk Solutions,Canada,B011,Aisha Patel,42000,42000,4500,2600,3300,650000,14
2025-01-01,C024,Pacific Hospitality,P01,M&A Advisory,Asia-Pacific,B004,Marcus Lee,57000,77000,6900,3100,5600,950000,3
2025-01-01,C024,Pacific Hospitality,P02,Debt Capital Markets,Asia-Pacific,B004,Marcus Lee,45000,59000,4200,2100,3500,2930000,2
2025-01-01,C024,Pacific Hospitality,P03,Equity Capital Markets,Asia-Pacific,B004,Marcus Lee,38000,63000,4300,2400,3200,1620000,3
2025-01-01,C024,Pacific Hospitality,P04,Corporate Lending,Asia-Pacific,B004,Marcus Lee,33000,59000,2700,1600,2000,4980000,2
2025-01-01,C024,Pacific Hospitality,P05,Treasury & Risk Solutions,Asia-Pacific,B004,Marcus Lee,27000,37000,3000,1900,2400,830000,7
2025-02-01,C001,Northstar Energy,P01,M&A Advisory,Canada,B009,Grace Liu,228000,206000,28600,12400,24600,2020000,1
2025-02-01,C001,Northstar Energy,P02,Debt Capital Markets,Canada,B009,Grace Liu,215000,162000,21300,11000,18100,7160000,3
2025-02-01,C001,Northstar Energy,P03,Equity Capital Markets,Canada,B009,Grace Liu,171000,170000,21700,10100,17400,3330000,3
2025-02-01,C001,Northstar Energy,P04,Corporate Lending,Canada,B009,Grace Liu,156000,152000,13000,7500,11000,13790000,3
2025-02-01,C001,Northstar Energy,P05,Treasury & Risk Solutions,Canada,B009,Grace Liu,109000,106000,11300,6900,8700,1520000,13
2025-02-01,C002,Aurora Mobility,P01,M&A Advisory,United States,B002,Daniel Brooks,235000,223000,29000,12400,24600,2360000,1
2025-02-01,C002,Aurora Mobility,P02,Debt Capital Markets,United States,B002,Daniel Brooks,173000,160000,16900,9100,14000,5670000,6
2025-02-01,C002,Aurora Mobility,P03,Equity Capital Markets,United States,B002,Daniel Brooks,100000,143000,11800,5600,8400,3650000,1
2025-02-01,C002,Aurora Mobility,P04,Corporate Lending,United States,B002,Daniel Brooks,129000,150000,10500,6800,8900,10610000,3
2025-02-01,C002,Aurora Mobility,P05,Treasury & Risk Solutions,United States,B002,Daniel Brooks,88000,100000,8700,5900,7100,1870000,6
2025-02-01,C003,Maple Health Systems,P01,M&A Advisory,Canada,B007,Nadia Hassan,161000,150000,21600,9500,18900,1570000,2
2025-02-01,C003,Maple Health Systems,P02,Debt Capital Markets,Canada,B007,Nadia Hassan,136000,115000,12300,7300,10400,4170000,5
2025-02-01,C003,Maple Health Systems,P03,Equity Capital Markets,Canada,B007,Nadia Hassan,103000,118000,13000,6500,9800,2520000,3
2025-02-01,C003,Maple Health Systems,P04,Corporate Lending,Canada,B007,Nadia Hassan,118000,107000,9500,6000,7600,9410000,4
2025-02-01,C003,Maple Health Systems,P05,Treasury & Risk Solutions,Canada,B007,Nadia Hassan,63000,63000,6600,4100,4900,1350000,7
2025-02-01,C004,Horizon Telecom,P01,M&A Advisory,United States,B006,James Wilson,204000,214000,25500,11600,20700,2070000,2
2025-02-01,C004,Horizon Telecom,P02,Debt Capital Markets,United States,B006,James Wilson,145000,156000,13700,7200,11800,6050000,2
2025-02-01,C004,Horizon Telecom,P03,Equity Capital Markets,United States,B006,James Wilson,105000,141000,11700,6800,8900,3720000,3
2025-02-01,C004,Horizon Telecom,P04,Corporate Lending,United States,B006,James Wilson,135000,136000,11300,6800,8500,13010000,4
2025-02-01,C004,Horizon Telecom,P05,Treasury & Risk Solutions,United States,B006,James Wilson,119000,110000,13300,8300,10300,2010000,8
2025-02-01,C005,Cascade Consumer Brands,P01,M&A Advisory,Canada,B003,Priya Nair,118000,133000,16200,6600,13300,1330000,3
2025-02-01,C005,Cascade Consumer Brands,P02,Debt Capital Markets,Canada,B003,Priya Nair,138000,126000,12700,6500,11000,4960000,3
2025-02-01,C005,Cascade Consumer Brands,P03,Equity Capital Markets,Canada,B003,Priya Nair,81000,117000,10000,4900,7400,2450000,1
2025-02-01,C005,Cascade Consumer Brands,P04,Corporate Lending,Canada,B003,Priya Nair,81000,102000,5900,3800,4800,7740000,5
2025-02-01,C005,Cascade Consumer Brands,P05,Treasury & Risk Solutions,Canada,B003,Priya Nair,49000,60000,5200,2900,3900,1210000,5
2025-02-01,C006,Summit Mining,P01,M&A Advisory,Canada,B009,Grace Liu,177000,197000,21600,9800,19200,2320000,2
2025-02-01,C006,Summit Mining,P02,Debt Capital Markets,Canada,B009,Grace Liu,190000,187000,17800,9500,15100,6140000,2
2025-02-01,C006,Summit Mining,P03,Equity Capital Markets,Canada,B009,Grace Liu,106000,143000,11700,6500,8400,3440000,3
2025-02-01,C006,Summit Mining,P04,Corporate Lending,Canada,B009,Grace Liu,119000,154000,9400,6300,7800,13060000,3
2025-02-01,C006,Summit Mining,P05,Treasury & Risk Solutions,Canada,B009,Grace Liu,73000,92000,7300,5000,6000,1730000,7
2025-02-01,C007,BlueWave Infrastructure,P01,M&A Advisory,Europe,B012,Lucas Moreau,212000,186000,25800,11100,20700,2160000,1
2025-02-01,C007,BlueWave Infrastructure,P02,Debt Capital Markets,Europe,B012,Lucas Moreau,162000,149000,15800,8500,12600,7150000,5
2025-02-01,C007,BlueWave Infrastructure,P03,Equity Capital Markets,Europe,B012,Lucas Moreau,102000,143000,12500,6400,9400,3540000,2
2025-02-01,C007,BlueWave Infrastructure,P04,Corporate Lending,Europe,B012,Lucas Moreau,140000,142000,10900,6800,8900,13980000,4
2025-02-01,C007,BlueWave Infrastructure,P05,Treasury & Risk Solutions,Europe,B012,Lucas Moreau,88000,92000,9500,5700,7500,1830000,14
2025-02-01,C008,Greenfield Renewables,P01,M&A Advisory,Europe,B005,Sofia Martin,197000,192000,26700,11200,22000,2380000,2
2025-02-01,C008,Greenfield Renewables,P02,Debt Capital Markets,Europe,B005,Sofia Martin,159000,166000,16300,8300,12700,7340000,6
2025-02-01,C008,Greenfield Renewables,P03,Equity Capital Markets,Europe,B005,Sofia Martin,110000,168000,13100,6800,9600,3940000,2
2025-02-01,C008,Greenfield Renewables,P04,Corporate Lending,Europe,B005,Sofia Martin,127000,139000,10700,6800,8100,14000000,2
2025-02-01,C008,Greenfield Renewables,P05,Treasury & Risk Solutions,Europe,B005,Sofia Martin,83000,99000,8600,5500,7200,1670000,5
2025-02-01,C009,Atlas Logistics,P01,M&A Advisory,United States,B010,Michael Torres,153000,133000,22200,7900,20300,1540000,1
2025-02-01,C009,Atlas Logistics,P02,Debt Capital Markets,United States,B010,Michael Torres,122000,115000,12300,5600,10400,4280000,6
2025-02-01,C009,Atlas Logistics,P03,Equity Capital Markets,United States,B010,Michael Torres,94000,100000,11500,5600,8800,2200000,3
2025-02-01,C009,Atlas Logistics,P04,Corporate Lending,United States,B010,Michael Torres,100000,105000,7100,4800,5900,8970000,4
2025-02-01,C009,Atlas Logistics,P05,Treasury & Risk Solutions,United States,B010,Michael Torres,67000,65000,7500,4000,5600,1320000,7
2025-02-01,C010,Cedar Financial Group,P01,M&A Advisory,Canada,B007,Nadia Hassan,243000,193000,29800,13700,27000,2400000,1
2025-02-01,C010,Cedar Financial Group,P02,Debt Capital Markets,Canada,B007,Nadia Hassan,192000,175000,19500,9000,15700,7140000,6
2025-02-01,C010,Cedar Financial Group,P03,Equity Capital Markets,Canada,B007,Nadia Hassan,146000,145000,15600,8600,12400,4160000,3
2025-02-01,C010,Cedar Financial Group,P04,Corporate Lending,Canada,B007,Nadia Hassan,149000,144000,11300,7800,9000,10870000,5
2025-02-01,C010,Cedar Financial Group,P05,Treasury & Risk Solutions,Canada,B007,Nadia Hassan,98000,95000,10300,6700,8500,1740000,7
2025-02-01,C011,Polar Data Systems,P01,M&A Advisory,Canada,B007,Nadia Hassan,170000,140000,22000,9400,19700,1430000,2
2025-02-01,C011,Polar Data Systems,P02,Debt Capital Markets,Canada,B007,Nadia Hassan,117000,118000,10600,6100,8600,3960000,3
2025-02-01,C011,Polar Data Systems,P03,Equity Capital Markets,Canada,B007,Nadia Hassan,74000,98000,9100,4300,6900,2870000,2
2025-02-01,C011,Polar Data Systems,P04,Corporate Lending,Canada,B007,Nadia Hassan,90000,95000,6400,4600,5200,8290000,2
2025-02-01,C011,Polar Data Systems,P05,Treasury & Risk Solutions,Canada,B007,Nadia Hassan,68000,72000,7500,4200,6000,1370000,6
2025-02-01,C012,Evergreen Foods,P01,M&A Advisory,United States,B002,Daniel Brooks,135000,127000,19400,7900,15700,1730000,3
2025-02-01,C012,Evergreen Foods,P02,Debt Capital Markets,United States,B002,Daniel Brooks,144000,127000,12800,7000,10300,4480000,3
2025-02-01,C012,Evergreen Foods,P03,Equity Capital Markets,United States,B002,Daniel Brooks,71000,101000,8600,4400,6600,2360000,1
2025-02-01,C012,Evergreen Foods,P04,Corporate Lending,United States,B002,Daniel Brooks,97000,109000,8100,4800,6500,7700000,3
2025-02-01,C012,Evergreen Foods,P05,Treasury & Risk Solutions,United States,B002,Daniel Brooks,61000,63000,7100,3900,5700,1240000,12
2025-02-01,C013,Meridian Pharma,P01,M&A Advisory,Europe,B005,Sofia Martin,194000,179000,23800,11200,20800,2260000,1
2025-02-01,C013,Meridian Pharma,P02,Debt Capital Markets,Europe,B005,Sofia Martin,184000,175000,16300,9300,14300,6130000,4
2025-02-01,C013,Meridian Pharma,P03,Equity Capital Markets,Europe,B005,Sofia Martin,117000,170000,13300,7400,10700,4010000,3
2025-02-01,C013,Meridian Pharma,P04,Corporate Lending,Europe,B005,Sofia Martin,142000,150000,11100,7100,8800,13670000,2
2025-02-01,C013,Meridian Pharma,P05,Treasury & Risk Solutions,Europe,B005,Sofia Martin,94000,96000,10400,6100,8100,1570000,7
2025-02-01,C014,Harbour Real Estate,P01,M&A Advisory,Canada,B007,Nadia Hassan,135000,127000,16600,6800,13900,1330000,1
2025-02-01,C014,Harbour Real Estate,P02,Debt Capital Markets,Canada,B007,Nadia Hassan,115000,109000,11000,5500,9000,4600000,2
2025-02-01,C014,Harbour Real Estate,P03,Equity Capital Markets,Canada,B007,Nadia Hassan,94000,110000,10200,5700,7600,2280000,1
2025-02-01,C014,Harbour Real Estate,P04,Corporate Lending,Canada,B007,Nadia Hassan,94000,89000,7900,4400,6400,7720000,5
2025-02-01,C014,Harbour Real Estate,P05,Treasury & Risk Solutions,Canada,B007,Nadia Hassan,79000,76000,7900,5300,5900,1140000,8
2025-02-01,C015,Titan Aerospace,P01,M&A Advisory,United States,B006,James Wilson,187000,185000,25300,10600,20500,2070000,3
2025-02-01,C015,Titan Aerospace,P02,Debt Capital Markets,United States,B006,James Wilson,185000,181000,18400,8900,14600,6000000,3
2025-02-01,C015,Titan Aerospace,P03,Equity Capital Markets,United States,B006,James Wilson,137000,171000,14500,8700,11300,3560000,1
2025-02-01,C015,Titan Aerospace,P04,Corporate Lending,United States,B006,James Wilson,145000,151000,12100,7800,9500,11710000,4
2025-02-01,C015,Titan Aerospace,P05,Treasury & Risk Solutions,United States,B006,James Wilson,86000,90000,8400,5200,6400,1570000,10
2025-02-01,C016,Nova Retail Holdings,P01,M&A Advisory,Canada,B011,Aisha Patel,81000,80000,11200,4400,10100,900000,3
2025-02-01,C016,Nova Retail Holdings,P02,Debt Capital Markets,Canada,B011,Aisha Patel,66000,76000,5800,3500,4500,2920000,5
2025-02-01,C016,Nova Retail Holdings,P03,Equity Capital Markets,Canada,B011,Aisha Patel,53000,69000,6100,3300,4600,1570000,3
2025-02-01,C016,Nova Retail Holdings,P04,Corporate Lending,Canada,B011,Aisha Patel,47000,62000,3900,2500,3200,5480000,3
2025-02-01,C016,Nova Retail Holdings,P05,Treasury & Risk Solutions,Canada,B011,Aisha Patel,35000,44000,4100,2300,3200,730000,5
2025-02-01,C017,Boreal Resources,P01,M&A Advisory,Canada,B007,Nadia Hassan,155000,144000,20500,8100,18000,1420000,3
2025-02-01,C017,Boreal Resources,P02,Debt Capital Markets,Canada,B007,Nadia Hassan,120000,127000,10700,6100,9200,5140000,4
2025-02-01,C017,Boreal Resources,P03,Equity Capital Markets,Canada,B007,Nadia Hassan,85000,114000,10600,5300,7800,2800000,1
2025-02-01,C017,Boreal Resources,P04,Corporate Lending,Canada,B007,Nadia Hassan,92000,102000,7700,4200,5900,8680000,3
2025-02-01,C017,Boreal Resources,P05,Treasury & Risk Solutions,Canada,B007,Nadia Hassan,72000,72000,8400,4400,6800,1070000,14
2025-02-01,C018,Silverline Insurance,P01,M&A Advisory,Europe,B005,Sofia Martin,139000,145000,17100,8100,14300,1340000,1
2025-02-01,C018,Silverline Insurance,P02,Debt Capital Markets,Europe,B005,Sofia Martin,120000,113000,12300,6400,10300,5170000,5
2025-02-01,C018,Silverline Insurance,P03,Equity Capital Markets,Europe,B005,Sofia Martin,86000,102000,9300,5100,7300,2630000,3
2025-02-01,C018,Silverline Insurance,P04,Corporate Lending,Europe,B005,Sofia Martin,87000,105000,6700,4600,5000,7630000,2
2025-02-01,C018,Silverline Insurance,P05,Treasury & Risk Solutions,Europe,B005,Sofia Martin,67000,64000,6700,4400,5300,1190000,7
2025-02-01,C019,Redwood Media,P01,M&A Advisory,United States,B002,Daniel Brooks,79000,91000,11100,4200,9200,930000,1
2025-02-01,C019,Redwood Media,P02,Debt Capital Markets,United States,B002,Daniel Brooks,66000,74000,6100,3200,5000,2930000,2
2025-02-01,C019,Redwood Media,P03,Equity Capital Markets,United States,B002,Daniel Brooks,38000,60000,4800,2400,3900,1570000,2
2025-02-01,C019,Redwood Media,P04,Corporate Lending,United States,B002,Daniel Brooks,41000,68000,3000,1900,2400,5970000,2
2025-02-01,C019,Redwood Media,P05,Treasury & Risk Solutions,United States,B002,Daniel Brooks,34000,45000,3700,2300,2900,780000,8
2025-02-01,C020,Glacier Manufacturing,P01,M&A Advisory,Canada,B007,Nadia Hassan,133000,142000,18100,6900,15800,1580000,3
2025-02-01,C020,Glacier Manufacturing,P02,Debt Capital Markets,Canada,B007,Nadia Hassan,128000,112000,11300,6200,9500,4510000,6
2025-02-01,C020,Glacier Manufacturing,P03,Equity Capital Markets,Canada,B007,Nadia Hassan,81000,116000,9000,4800,6300,2590000,3
2025-02-01,C020,Glacier Manufacturing,P04,Corporate Lending,Canada,B007,Nadia Hassan,74000,91000,6000,4000,5100,9260000,2
2025-02-01,C020,Glacier Manufacturing,P05,Treasury & Risk Solutions,Canada,B007,Nadia Hassan,59000,60000,6000,4000,4800,1280000,9
2025-02-01,C021,Trillium Utilities,P01,M&A Advisory,Canada,B007,Nadia Hassan,144000,126000,18300,7300,14900,1450000,2
2025-02-01,C021,Trillium Utilities,P02,Debt Capital Markets,Canada,B007,Nadia Hassan,107000,111000,9600,5200,8400,4620000,6
2025-02-01,C021,Trillium Utilities,P03,Equity Capital Markets,Canada,B007,Nadia Hassan,69000,96000,7400,4300,5600,2810000,3
2025-02-01,C021,Trillium Utilities,P04,Corporate Lending,Canada,B007,Nadia Hassan,94000,104000,6800,4500,5700,8690000,2
2025-02-01,C021,Trillium Utilities,P05,Treasury & Risk Solutions,Canada,B007,Nadia Hassan,57000,61000,5700,3500,4300,1330000,5
2025-02-01,C022,Beacon Education Group,P01,M&A Advisory,Canada,B003,Priya Nair,99000,82000,14100,5400,12000,1050000,2
2025-02-01,C022,Beacon Education Group,P02,Debt Capital Markets,Canada,B003,Priya Nair,83000,71000,7900,4000,6200,2630000,2
2025-02-01,C022,Beacon Education Group,P03,Equity Capital Markets,Canada,B003,Priya Nair,51000,62000,6000,3200,4500,1500000,3
2025-02-01,C022,Beacon Education Group,P04,Corporate Lending,Canada,B003,Priya Nair,53000,64000,3700,2500,2900,4600000,2
2025-02-01,C022,Beacon Education Group,P05,Treasury & Risk Solutions,Canada,B003,Priya Nair,45000,44000,4700,2700,3400,700000,6
2025-02-01,C023,Keystone Agriculture,P01,M&A Advisory,Canada,B011,Aisha Patel,93000,87000,12000,5200,10200,1070000,3
2025-02-01,C023,Keystone Agriculture,P02,Debt Capital Markets,Canada,B011,Aisha Patel,70000,64000,7200,3700,6200,3140000,6
2025-02-01,C023,Keystone Agriculture,P03,Equity Capital Markets,Canada,B011,Aisha Patel,46000,60000,5600,2800,4100,1570000,3
2025-02-01,C023,Keystone Agriculture,P04,Corporate Lending,Canada,B011,Aisha Patel,48000,68000,3400,2200,2700,5080000,2
2025-02-01,C023,Keystone Agriculture,P05,Treasury & Risk Solutions,Canada,B011,Aisha Patel,38000,43000,3900,2600,2900,720000,6
2025-02-01,C024,Pacific Hospitality,P01,M&A Advisory,Asia-Pacific,B004,Marcus Lee,68000,84000,9500,3900,8700,940000,2
2025-02-01,C024,Pacific Hospitality,P02,Debt Capital Markets,Asia-Pacific,B004,Marcus Lee,56000,72000,5400,3000,4400,2480000,3
2025-02-01,C024,Pacific Hospitality,P03,Equity Capital Markets,Asia-Pacific,B004,Marcus Lee,42000,70000,5300,2600,4100,1440000,3
2025-02-01,C024,Pacific Hospitality,P04,Corporate Lending,Asia-Pacific,B004,Marcus Lee,38000,62000,2900,2000,2400,5760000,2
2025-02-01,C024,Pacific Hospitality,P05,Treasury & Risk Solutions,Asia-Pacific,B004,Marcus Lee,33000,43000,3300,2000,2500,850000,10
2025-03-01,C001,Northstar Energy,P01,M&A Advisory,Canada,B009,Grace Liu,300000,241000,37600,16400,31700,2330000,3
2025-03-01,C001,Northstar Energy,P02,Debt Capital Markets,Canada,B009,Grace Liu,228000,179000,22200,11200,19000,5890000,6
2025-03-01,C001,Northstar Energy,P03,Equity Capital Markets,Canada,B009,Grace Liu,164000,163000,17700,10600,14200,3900000,2
2025-03-01,C001,Northstar Energy,P04,Corporate Lending,Canada,B009,Grace Liu,176000,176000,13700,8100,11100,13400000,2
2025-03-01,C001,Northstar Energy,P05,Treasury & Risk Solutions,Canada,B009,Grace Liu,116000,99000,11600,7300,9500,1890000,8
2025-03-01,C002,Aurora Mobility,P01,M&A Advisory,United States,B002,Daniel Brooks,218000,221000,30100,11300,27000,1930000,1
2025-03-01,C002,Aurora Mobility,P02,Debt Capital Markets,United States,B002,Daniel Brooks,164000,171000,15100,8000,12700,6390000,4
2025-03-01,C002,Aurora Mobility,P03,Equity Capital Markets,United States,B002,Daniel Brooks,142000,177000,16300,8200,12900,3930000,3
2025-03-01,C002,Aurora Mobility,P04,Corporate Lending,United States,B002,Daniel Brooks,152000,165000,12200,7400,10000,13630000,2
2025-03-01,C002,Aurora Mobility,P05,Treasury & Risk Solutions,United States,B002,Daniel Brooks,97000,110000,11200,5800,9300,1970000,6
2025-03-01,C003,Maple Health Systems,P01,M&A Advisory,Canada,B007,Nadia Hassan,170000,139000,20500,10000,17100,1520000,3
2025-03-01,C003,Maple Health Systems,P02,Debt Capital Markets,Canada,B007,Nadia Hassan,150000,116000,14400,7200,11600,3920000,5
2025-03-01,C003,Maple Health Systems,P03,Equity Capital Markets,Canada,B007,Nadia Hassan,103000,115000,12100,6500,8700,2620000,1
2025-03-01,C003,Maple Health Systems,P04,Corporate Lending,Canada,B007,Nadia Hassan,129000,121000,9300,6200,7200,8520000,2
2025-03-01,C003,Maple Health Systems,P05,Treasury & Risk Solutions,Canada,B007,Nadia Hassan,93000,78000,10200,6400,7800,1260000,9
2025-03-01,C004,Horizon Telecom,P01,M&A Advisory,United States,B006,James Wilson,223000,197000,30000,12500,25400,2340000,3
2025-03-01,C004,Horizon Telecom,P02,Debt Capital Markets,United States,B006,James Wilson,170000,168000,16600,8700,14000,5730000,6
2025-03-01,C004,Horizon Telecom,P03,Equity Capital Markets,United States,B006,James Wilson,144000,172000,17900,8200,13900,3630000,1
2025-03-01,C004,Horizon Telecom,P04,Corporate Lending,United States,B006,James Wilson,147000,171000,10200,7900,8700,14160000,3
2025-03-01,C004,Horizon Telecom,P05,Treasury & Risk Solutions,United States,B006,James Wilson,95000,103000,10600,6300,7800,1950000,10
2025-03-01,C005,Cascade Consumer Brands,P01,M&A Advisory,Canada,B003,Priya Nair,125000,141000,17800,7000,16100,1480000,2
2025-03-01,C005,Cascade Consumer Brands,P02,Debt Capital Markets,Canada,B003,Priya Nair,112000,122000,10200,5500,8300,4300000,5
2025-03-01,C005,Cascade Consumer Brands,P03,Equity Capital Markets,Canada,B003,Priya Nair,89000,121000,9700,5000,6800,2190000,2
2025-03-01,C005,Cascade Consumer Brands,P04,Corporate Lending,Canada,B003,Priya Nair,109000,123000,7700,5500,6500,9070000,2
2025-03-01,C005,Cascade Consumer Brands,P05,Treasury & Risk Solutions,Canada,B003,Priya Nair,68000,73000,7200,4300,5900,1390000,9
2025-03-01,C006,Summit Mining,P01,M&A Advisory,Canada,B009,Grace Liu,224000,222000,28200,12900,24300,2260000,1
2025-03-01,C006,Summit Mining,P02,Debt Capital Markets,Canada,B009,Grace Liu,159000,178000,14900,8100,12700,7230000,6
2025-03-01,C006,Summit Mining,P03,Equity Capital Markets,Canada,B009,Grace Liu,124000,180000,13400,7200,10100,4000000,3
2025-03-01,C006,Summit Mining,P04,Corporate Lending,Canada,B009,Grace Liu,108000,144000,8200,5100,7000,13820000,3
2025-03-01,C006,Summit Mining,P05,Treasury & Risk Solutions,Canada,B009,Grace Liu,81000,96000,7900,5000,5800,1530000,8
2025-03-01,C007,BlueWave Infrastructure,P01,M&A Advisory,Europe,B012,Lucas Moreau,237000,226000,29800,13900,25400,2290000,1
2025-03-01,C007,BlueWave Infrastructure,P02,Debt Capital Markets,Europe,B012,Lucas Moreau,247000,205000,22100,11700,17800,7430000,5
2025-03-01,C007,BlueWave Infrastructure,P03,Equity Capital Markets,Europe,B012,Lucas Moreau,156000,187000,18800,8900,14500,4180000,3
2025-03-01,C007,BlueWave Infrastructure,P04,Corporate Lending,Europe,B012,Lucas Moreau,142000,145000,11200,6600,8900,12600000,3
2025-03-01,C007,BlueWave Infrastructure,P05,Treasury & Risk Solutions,Europe,B012,Lucas Moreau,100000,106000,9900,6600,7200,1790000,6
2025-03-01,C008,Greenfield Renewables,P01,M&A Advisory,Europe,B005,Sofia Martin,236000,241000,32700,13700,27900,2200000,2
2025-03-01,C008,Greenfield Renewables,P02,Debt Capital Markets,Europe,B005,Sofia Martin,180000,175000,16300,8900,13500,7170000,3
2025-03-01,C008,Greenfield Renewables,P03,Equity Capital Markets,Europe,B005,Sofia Martin,122000,177000,13800,7200,10600,3830000,2
2025-03-01,C008,Greenfield Renewables,P04,Corporate Lending,Europe,B005,Sofia Martin,145000,172000,11000,6800,8700,11590000,5
2025-03-01,C008,Greenfield Renewables,P05,Treasury & Risk Solutions,Europe,B005,Sofia Martin,103000,103000,11000,6900,9200,1990000,11
2025-03-01,C009,Atlas Logistics,P01,M&A Advisory,United States,B010,Michael Torres,157000,137000,20600,8900,17900,1390000,3
2025-03-01,C009,Atlas Logistics,P02,Debt Capital Markets,United States,B010,Michael Torres,154000,132000,16000,8300,13000,5020000,6
2025-03-01,C009,Atlas Logistics,P03,Equity Capital Markets,United States,B010,Michael Torres,96000,114000,11500,5400,8400,2150000,3
2025-03-01,C009,Atlas Logistics,P04,Corporate Lending,United States,B010,Michael Torres,101000,97000,7100,5200,5500,8730000,5
2025-03-01,C009,Atlas Logistics,P05,Treasury & Risk Solutions,United States,B010,Michael Torres,79000,81000,9000,4900,7400,1240000,11
2025-03-01,C010,Cedar Financial Group,P01,M&A Advisory,Canada,B007,Nadia Hassan,271000,204000,36400,15000,29900,2180000,3
2025-03-01,C010,Cedar Financial Group,P02,Debt Capital Markets,Canada,B007,Nadia Hassan,223000,167000,22800,10400,17700,6660000,4
2025-03-01,C010,Cedar Financial Group,P03,Equity Capital Markets,Canada,B007,Nadia Hassan,149000,185000,16800,8900,13300,3600000,2
2025-03-01,C010,Cedar Financial Group,P04,Corporate Lending,Canada,B007,Nadia Hassan,168000,167000,12600,8100,10300,11840000,5
2025-03-01,C010,Cedar Financial Group,P05,Treasury & Risk Solutions,Canada,B007,Nadia Hassan,140000,113000,15000,9300,12400,1930000,5
2025-03-01,C011,Polar Data Systems,P01,M&A Advisory,Canada,B007,Nadia Hassan,175000,147000,21500,10400,17200,1510000,3
2025-03-01,C011,Polar Data Systems,P02,Debt Capital Markets,Canada,B007,Nadia Hassan,147000,142000,14600,7800,12000,3950000,2
2025-03-01,C011,Polar Data Systems,P03,Equity Capital Markets,Canada,B007,Nadia Hassan,88000,106000,9700,5200,7000,2440000,2
2025-03-01,C011,Polar Data Systems,P04,Corporate Lending,Canada,B007,Nadia Hassan,122000,119000,10200,6400,8600,9810000,4
2025-03-01,C011,Polar Data Systems,P05,Treasury & Risk Solutions,Canada,B007,Nadia Hassan,73000,69000,7300,4800,5900,1130000,12
2025-03-01,C012,Evergreen Foods,P01,M&A Advisory,United States,B002,Daniel Brooks,136000,153000,18100,7400,15900,1620000,1
2025-03-01,C012,Evergreen Foods,P02,Debt Capital Markets,United States,B002,Daniel Brooks,147000,131000,15300,7400,11900,4730000,3
2025-03-01,C012,Evergreen Foods,P03,Equity Capital Markets,United States,B002,Daniel Brooks,85000,123000,10800,5400,7700,2600000,2
2025-03-01,C012,Evergreen Foods,P04,Corporate Lending,United States,B002,Daniel Brooks,101000,110000,7600,5000,5700,8670000,4
2025-03-01,C012,Evergreen Foods,P05,Treasury & Risk Solutions,United States,B002,Daniel Brooks,70000,83000,7700,4400,5700,1160000,13
2025-03-01,C013,Meridian Pharma,P01,M&A Advisory,Europe,B005,Sofia Martin,213000,218000,29100,11500,24800,2020000,3
2025-03-01,C013,Meridian Pharma,P02,Debt Capital Markets,Europe,B005,Sofia Martin,191000,201000,20300,9400,16700,6730000,3
2025-03-01,C013,Meridian Pharma,P03,Equity Capital Markets,Europe,B005,Sofia Martin,113000,165000,13500,6600,10900,3400000,3
2025-03-01,C013,Meridian Pharma,P04,Corporate Lending,Europe,B005,Sofia Martin,115000,144000,8900,6000,7600,13090000,4
2025-03-01,C013,Meridian Pharma,P05,Treasury & Risk Solutions,Europe,B005,Sofia Martin,104000,118000,11900,7000,9900,1560000,12
2025-03-01,C014,Harbour Real Estate,P01,M&A Advisory,Canada,B007,Nadia Hassan,182000,151000,25800,10000,22900,1530000,2
2025-03-01,C014,Harbour Real Estate,P02,Debt Capital Markets,Canada,B007,Nadia Hassan,140000,134000,14500,7000,11600,3920000,3
2025-03-01,C014,Harbour Real Estate,P03,Equity Capital Markets,Canada,B007,Nadia Hassan,106000,129000,11700,6100,8800,2550000,3
2025-03-01,C014,Harbour Real Estate,P04,Corporate Lending,Canada,B007,Nadia Hassan,103000,104000,7400,4800,5600,7820000,4
2025-03-01,C014,Harbour Real Estate,P05,Treasury & Risk Solutions,Canada,B007,Nadia Hassan,77000,72000,8500,4600,6600,1190000,6
2025-03-01,C015,Titan Aerospace,P01,M&A Advisory,United States,B006,James Wilson,245000,235000,31300,13400,25100,2250000,2
2025-03-01,C015,Titan Aerospace,P02,Debt Capital Markets,United States,B006,James Wilson,186000,190000,19000,9700,14700,6490000,5
2025-03-01,C015,Titan Aerospace,P03,Equity Capital Markets,United States,B006,James Wilson,109000,155000,13400,7100,10700,3920000,3
2025-03-01,C015,Titan Aerospace,P04,Corporate Lending,United States,B006,James Wilson,128000,157000,10300,6700,8100,12460000,3
2025-03-01,C015,Titan Aerospace,P05,Treasury & Risk Solutions,United States,B006,James Wilson,111000,120000,10900,7300,8300,1710000,11
2025-03-01,C016,Nova Retail Holdings,P01,M&A Advisory,Canada,B011,Aisha Patel,81000,96000,10600,4200,9100,980000,3
2025-03-01,C016,Nova Retail Holdings,P02,Debt Capital Markets,Canada,B011,Aisha Patel,73000,81000,6900,3600,5600,3190000,2
2025-03-01,C016,Nova Retail Holdings,P03,Equity Capital Markets,Canada,B011,Aisha Patel,49000,68000,5300,2700,4100,1380000,2
2025-03-01,C016,Nova Retail Holdings,P04,Corporate Lending,Canada,B011,Aisha Patel,52000,67000,4200,2600,3300,5920000,5
2025-03-01,C016,Nova Retail Holdings,P05,Treasury & Risk Solutions,Canada,B011,Aisha Patel,34000,42000,3600,2100,2700,840000,5
2025-03-01,C017,Boreal Resources,P01,M&A Advisory,Canada,B007,Nadia Hassan,137000,150000,16400,7200,13600,1550000,3
2025-03-01,C017,Boreal Resources,P02,Debt Capital Markets,Canada,B007,Nadia Hassan,130000,123000,13100,6100,10900,4730000,5
2025-03-01,C017,Boreal Resources,P03,Equity Capital Markets,Canada,B007,Nadia Hassan,82000,105000,10000,4900,7600,2240000,2
2025-03-01,C017,Boreal Resources,P04,Corporate Lending,Canada,B007,Nadia Hassan,97000,115000,7300,4800,6000,8020000,4
2025-03-01,C017,Boreal Resources,P05,Treasury & Risk Solutions,Canada,B007,Nadia Hassan,64000,77000,7100,4200,5600,1140000,12
2025-03-01,C018,Silverline Insurance,P01,M&A Advisory,Europe,B005,Sofia Martin,148000,154000,19500,7900,16100,1510000,2
2025-03-01,C018,Silverline Insurance,P02,Debt Capital Markets,Europe,B005,Sofia Martin,131000,128000,13800,7100,12000,5180000,4
2025-03-01,C018,Silverline Insurance,P03,Equity Capital Markets,Europe,B005,Sofia Martin,103000,128000,12500,5900,9600,2560000,1
2025-03-01,C018,Silverline Insurance,P04,Corporate Lending,Europe,B005,Sofia Martin,98000,117000,7000,5100,5300,7430000,3
2025-03-01,C018,Silverline Insurance,P05,Treasury & Risk Solutions,Europe,B005,Sofia Martin,84000,75000,9700,5700,7500,1330000,7
2025-03-01,C019,Redwood Media,P01,M&A Advisory,United States,B002,Daniel Brooks,78000,101000,9800,4200,8300,1060000,3
2025-03-01,C019,Redwood Media,P02,Debt Capital Markets,United States,B002,Daniel Brooks,58000,71000,5200,2800,4400,2560000,4
2025-03-01,C019,Redwood Media,P03,Equity Capital Markets,United States,B002,Daniel Brooks,46000,68000,5500,2800,4300,1770000,1
2025-03-01,C019,Redwood Media,P04,Corporate Lending,United States,B002,Daniel Brooks,46000,66000,3800,2100,3200,5120000,2
2025-03-01,C019,Redwood Media,P05,Treasury & Risk Solutions,United States,B002,Daniel Brooks,35000,48000,3900,2300,3000,780000,5
2025-03-01,C020,Glacier Manufacturing,P01,M&A Advisory,Canada,B007,Nadia Hassan,135000,153000,16800,7500,15000,1450000,2
2025-03-01,C020,Glacier Manufacturing,P02,Debt Capital Markets,Canada,B007,Nadia Hassan,146000,133000,14200,7200,12000,4930000,3
2025-03-01,C020,Glacier Manufacturing,P03,Equity Capital Markets,Canada,B007,Nadia Hassan,103000,127000,12700,6600,9500,2170000,3
2025-03-01,C020,Glacier Manufacturing,P04,Corporate Lending,Canada,B007,Nadia Hassan,88000,110000,7300,4300,5700,8050000,2
2025-03-01,C020,Glacier Manufacturing,P05,Treasury & Risk Solutions,Canada,B007,Nadia Hassan,69000,72000,7700,4300,6200,1180000,14
2025-03-01,C021,Trillium Utilities,P01,M&A Advisory,Canada,B007,Nadia Hassan,196000,169000,28100,10000,23100,1370000,2
2025-03-01,C021,Trillium Utilities,P02,Debt Capital Markets,Canada,B007,Nadia Hassan,120000,119000,12700,5800,10500,5120000,4
2025-03-01,C021,Trillium Utilities,P03,Equity Capital Markets,Canada,B007,Nadia Hassan,85000,105000,9100,5400,6700,2350000,1
2025-03-01,C021,Trillium Utilities,P04,Corporate Lending,Canada,B007,Nadia Hassan,98000,107000,7900,4900,6000,9280000,3
2025-03-01,C021,Trillium Utilities,P05,Treasury & Risk Solutions,Canada,B007,Nadia Hassan,70000,70000,7000,4800,5200,1160000,8
2025-03-01,C022,Beacon Education Group,P01,M&A Advisory,Canada,B003,Priya Nair,101000,95000,14000,5600,11500,1060000,3
2025-03-01,C022,Beacon Education Group,P02,Debt Capital Markets,Canada,B003,Priya Nair,78000,72000,7700,3700,6800,3150000,5
2025-03-01,C022,Beacon Education Group,P03,Equity Capital Markets,Canada,B003,Priya Nair,61000,69000,7600,3600,5800,1470000,1
2025-03-01,C022,Beacon Education Group,P04,Corporate Lending,Canada,B003,Priya Nair,67000,75000,4700,3400,3800,6000000,2
2025-03-01,C022,Beacon Education Group,P05,Treasury & Risk Solutions,Canada,B003,Priya Nair,53000,49000,5700,3300,4500,760000,12
2025-03-01,C023,Keystone Agriculture,P01,M&A Advisory,Canada,B011,Aisha Patel,82000,89000,11500,4600,9500,1040000,1
2025-03-01,C023,Keystone Agriculture,P02,Debt Capital Markets,Canada,B011,Aisha Patel,90000,86000,9000,4200,7900,2710000,6
2025-03-01,C023,Keystone Agriculture,P03,Equity Capital Markets,Canada,B011,Aisha Patel,65000,81000,7000,3600,5500,1570000,2
2025-03-01,C023,Keystone Agriculture,P04,Corporate Lending,Canada,B011,Aisha Patel,59000,72000,4900,2700,4000,5620000,2
2025-03-01,C023,Keystone Agriculture,P05,Treasury & Risk Solutions,Canada,B011,Aisha Patel,39000,45000,4400,2400,3300,740000,12
2025-03-01,C024,Pacific Hospitality,P01,M&A Advisory,Asia-Pacific,B004,Marcus Lee,72000,89000,10400,4000,9300,980000,3
2025-03-01,C024,Pacific Hospitality,P02,Debt Capital Markets,Asia-Pacific,B004,Marcus Lee,61000,83000,5800,2900,4600,2520000,4
2025-03-01,C024,Pacific Hospitality,P03,Equity Capital Markets,Asia-Pacific,B004,Marcus Lee,47000,77000,5600,2700,4300,1430000,3
2025-03-01,C024,Pacific Hospitality,P04,Corporate Lending,Asia-Pacific,B004,Marcus Lee,44000,71000,3500,2200,2800,5090000,5
2025-03-01,C024,Pacific Hospitality,P05,Treasury & Risk Solutions,Asia-Pacific,B004,Marcus Lee,33000,50000,3500,2300,2700,840000,8
2025-04-01,C001,Northstar Energy,P01,M&A Advisory,Canada,B009,Grace Liu,304000,255000,43800,15500,36900,2500000,1
2025-04-01,C001,Northstar Energy,P02,Debt Capital Markets,Canada,B009,Grace Liu,232000,180000,21500,11300,17800,6660000,2
2025-04-01,C001,Northstar Energy,P03,Equity Capital Markets,Canada,B009,Grace Liu,148000,190000,18300,8300,13600,4050000,2
2025-04-01,C001,Northstar Energy,P04,Corporate Lending,Canada,B009,Grace Liu,197000,190000,14800,10400,11800,13880000,2
2025-04-01,C001,Northstar Energy,P05,Treasury & Risk Solutions,Canada,B009,Grace Liu,141000,114000,14300,9600,11900,1950000,12
2025-04-01,C002,Aurora Mobility,P01,M&A Advisory,United States,B002,Daniel Brooks,248000,262000,34200,14300,27600,2040000,1
2025-04-01,C002,Aurora Mobility,P02,Debt Capital Markets,United States,B002,Daniel Brooks,221000,218000,19300,10700,16700,6450000,6
2025-04-01,C002,Aurora Mobility,P03,Equity Capital Markets,United States,B002,Daniel Brooks,127000,180000,14400,7500,11100,3420000,3
2025-04-01,C002,Aurora Mobility,P04,Corporate Lending,United States,B002,Daniel Brooks,137000,174000,9700,6400,7500,14010000,4
2025-04-01,C002,Aurora Mobility,P05,Treasury & Risk Solutions,United States,B002,Daniel Brooks,95000,112000,10600,6100,8200,1570000,13
2025-04-01,C003,Maple Health Systems,P01,M&A Advisory,Canada,B007,Nadia Hassan,202000,160000,28600,11500,23300,1290000,1
2025-04-01,C003,Maple Health Systems,P02,Debt Capital Markets,Canada,B007,Nadia Hassan,179000,149000,18400,8400,15600,3920000,2
2025-04-01,C003,Maple Health Systems,P03,Equity Capital Markets,Canada,B007,Nadia Hassan,91000,132000,10200,5800,7200,2270000,3
2025-04-01,C003,Maple Health Systems,P04,Corporate Lending,Canada,B007,Nadia Hassan,122000,116000,9100,6500,7300,9180000,4
2025-04-01,C003,Maple Health Systems,P05,Treasury & Risk Solutions,Canada,B007,Nadia Hassan,92000,86000,10200,5700,8200,1260000,7
2025-04-01,C004,Horizon Telecom,P01,M&A Advisory,United States,B006,James Wilson,291000,266000,38700,16800,31700,2020000,3
2025-04-01,C004,Horizon Telecom,P02,Debt Capital Markets,United States,B006,James Wilson,218000,207000,19700,11100,16400,6970000,4
2025-04-01,C004,Horizon Telecom,P03,Equity Capital Markets,United States,B006,James Wilson,122000,179000,14100,7100,10100,3920000,1
2025-04-01,C004,Horizon Telecom,P04,Corporate Lending,United States,B006,James Wilson,137000,169000,10700,6600,9100,13490000,5
2025-04-01,C004,Horizon Telecom,P05,Treasury & Risk Solutions,United States,B006,James Wilson,115000,127000,11300,7300,8400,1730000,11
2025-04-01,C005,Cascade Consumer Brands,P01,M&A Advisory,Canada,B003,Priya Nair,138000,159000,19100,7000,15900,1390000,1
2025-04-01,C005,Cascade Consumer Brands,P02,Debt Capital Markets,Canada,B003,Priya Nair,143000,137000,13100,7300,10700,4050000,6
2025-04-01,C005,Cascade Consumer Brands,P03,Equity Capital Markets,Canada,B003,Priya Nair,77000,120000,9800,4900,7700,2360000,3
2025-04-01,C005,Cascade Consumer Brands,P04,Corporate Lending,Canada,B003,Priya Nair,106000,118000,8600,5000,7400,8760000,4
2025-04-01,C005,Cascade Consumer Brands,P05,Treasury & Risk Solutions,Canada,B003,Priya Nair,65000,72000,6300,4500,4900,1370000,8
2025-04-01,C006,Summit Mining,P01,M&A Advisory,Canada,B009,Grace Liu,227000,230000,30600,12900,26800,2360000,1
2025-04-01,C006,Summit Mining,P02,Debt Capital Markets,Canada,B009,Grace Liu,213000,206000,19100,10200,16900,6960000,2
2025-04-01,C006,Summit Mining,P03,Equity Capital Markets,Canada,B009,Grace Liu,135000,194000,17000,8200,13100,3870000,2
2025-04-01,C006,Summit Mining,P04,Corporate Lending,Canada,B009,Grace Liu,153000,177000,10800,7100,8700,12730000,2
2025-04-01,C006,Summit Mining,P05,Treasury & Risk Solutions,Canada,B009,Grace Liu,113000,124000,12300,6900,9100,1940000,14
2025-04-01,C007,BlueWave Infrastructure,P01,M&A Advisory,Europe,B012,Lucas Moreau,212000,215000,29000,11200,24200,2180000,1
2025-04-01,C007,BlueWave Infrastructure,P02,Debt Capital Markets,Europe,B012,Lucas Moreau,212000,190000,22000,10000,17800,6760000,5
2025-04-01,C007,BlueWave Infrastructure,P03,Equity Capital Markets,Europe,B012,Lucas Moreau,141000,188000,16600,8000,13000,3420000,1
2025-04-01,C007,BlueWave Infrastructure,P04,Corporate Lending,Europe,B012,Lucas Moreau,161000,163000,11300,7600,8700,14090000,4
2025-04-01,C007,BlueWave Infrastructure,P05,Treasury & Risk Solutions,Europe,B012,Lucas Moreau,132000,130000,13000,8700,10400,1560000,8
2025-04-01,C008,Greenfield Renewables,P01,M&A Advisory,Europe,B005,Sofia Martin,228000,222000,28200,12800,25300,2220000,3
2025-04-01,C008,Greenfield Renewables,P02,Debt Capital Markets,Europe,B005,Sofia Martin,220000,200000,22000,10800,18000,7360000,2
2025-04-01,C008,Greenfield Renewables,P03,Equity Capital Markets,Europe,B005,Sofia Martin,114000,189000,14000,6700,10800,3300000,2
2025-04-01,C008,Greenfield Renewables,P04,Corporate Lending,Europe,B005,Sofia Martin,135000,171000,11000,6700,8600,11990000,2
2025-04-01,C008,Greenfield Renewables,P05,Treasury & Risk Solutions,Europe,B005,Sofia Martin,102000,110000,11900,6300,9500,1930000,5
2025-04-01,C009,Atlas Logistics,P01,M&A Advisory,United States,B010,Michael Torres,152000,149000,19000,9000,15400,1400000,1
2025-04-01,C009,Atlas Logistics,P02,Debt Capital Markets,United States,B010,Michael Torres,177000,140000,18700,8500,15600,4810000,5
2025-04-01,C009,Atlas Logistics,P03,Equity Capital Markets,United States,B010,Michael Torres,100000,116000,11100,5500,8500,2540000,2
2025-04-01,C009,Atlas Logistics,P04,Corporate Lending,United States,B010,Michael Torres,122000,121000,8900,6600,7400,7780000,3
2025-04-01,C009,Atlas Logistics,P05,Treasury & Risk Solutions,United States,B010,Michael Torres,92000,84000,9200,6100,7700,1320000,7
2025-04-01,C010,Cedar Financial Group,P01,M&A Advisory,Canada,B007,Nadia Hassan,292000,255000,36100,15500,32400,2110000,1
2025-04-01,C010,Cedar Financial Group,P02,Debt Capital Markets,Canada,B007,Nadia Hassan,262000,203000,24500,12100,19000,7110000,6
2025-04-01,C010,Cedar Financial Group,P03,Equity Capital Markets,Canada,B007,Nadia Hassan,139000,195000,17200,8700,12700,3700000,1
2025-04-01,C010,Cedar Financial Group,P04,Corporate Lending,Canada,B007,Nadia Hassan,164000,161000,12000,8000,10100,11010000,4
2025-04-01,C010,Cedar Financial Group,P05,Treasury & Risk Solutions,Canada,B007,Nadia Hassan,111000,107000,11500,7600,9100,1540000,5
2025-04-01,C011,Polar Data Systems,P01,M&A Advisory,Canada,B007,Nadia Hassan,179000,183000,24700,9200,22200,1350000,2
2025-04-01,C011,Polar Data Systems,P02,Debt Capital Markets,Canada,B007,Nadia Hassan,154000,140000,15700,8100,12600,4960000,3
2025-04-01,C011,Polar Data Systems,P03,Equity Capital Markets,Canada,B007,Nadia Hassan,103000,142000,11400,6500,8100,2630000,3
2025-04-01,C011,Polar Data Systems,P04,Corporate Lending,Canada,B007,Nadia Hassan,98000,109000,7900,4800,6200,7940000,3
2025-04-01,C011,Polar Data Systems,P05,Treasury & Risk Solutions,Canada,B007,Nadia Hassan,90000,81000,9500,5800,7100,1300000,12
2025-04-01,C012,Evergreen Foods,P01,M&A Advisory,United States,B002,Daniel Brooks,140000,153000,18100,8300,15800,1700000,3
2025-04-01,C012,Evergreen Foods,P02,Debt Capital Markets,United States,B002,Daniel Brooks,120000,131000,12400,5800,10200,4300000,3
2025-04-01,C012,Evergreen Foods,P03,Equity Capital Markets,United States,B002,Daniel Brooks,89000,133000,11100,5300,8100,2630000,2
2025-04-01,C012,Evergreen Foods,P04,Corporate Lending,United States,B002,Daniel Brooks,112000,126000,8900,5400,7000,8420000,5
2025-04-01,C012,Evergreen Foods,P05,Treasury & Risk Solutions,United States,B002,Daniel Brooks,92000,88000,10600,6000,8200,1340000,8
2025-04-01,C013,Meridian Pharma,P01,M&A Advisory,Europe,B005,Sofia Martin,221000,226000,29700,11700,25400,1960000,1
2025-04-01,C013,Meridian Pharma,P02,Debt Capital Markets,Europe,B005,Sofia Martin,227000,210000,20500,11400,18100,7420000,5
2025-04-01,C013,Meridian Pharma,P03,Equity Capital Markets,Europe,B005,Sofia Martin,104000,179000,11700,6400,9200,3600000,1
2025-04-01,C013,Meridian Pharma,P04,Corporate Lending,Europe,B005,Sofia Martin,152000,162000,12100,7200,10000,13370000,2
2025-04-01,C013,Meridian Pharma,P05,Treasury & Risk Solutions,Europe,B005,Sofia Martin,113000,117000,12200,7100,9400,1850000,11
2025-04-01,C014,Harbour Real Estate,P01,M&A Advisory,Canada,B007,Nadia Hassan,167000,149000,24100,9700,21900,1510000,1
2025-04-01,C014,Harbour Real Estate,P02,Debt Capital Markets,Canada,B007,Nadia Hassan,162000,139000,16000,7900,12600,5110000,6
2025-04-01,C014,Harbour Real Estate,P03,Equity Capital Markets,Canada,B007,Nadia Hassan,78000,115000,9700,4700,7600,2370000,2
2025-04-01,C014,Harbour Real Estate,P04,Corporate Lending,Canada,B007,Nadia Hassan,117000,106000,8100,5700,6400,8160000,5
2025-04-01,C014,Harbour Real Estate,P05,Treasury & Risk Solutions,Canada,B007,Nadia Hassan,79000,74000,9000,5400,6800,1170000,12
2025-04-01,C015,Titan Aerospace,P01,M&A Advisory,United States,B006,James Wilson,223000,222000,27600,11500,24400,2330000,3
2025-04-01,C015,Titan Aerospace,P02,Debt Capital Markets,United States,B006,James Wilson,220000,191000,23300,11900,19200,5710000,2
2025-04-01,C015,Titan Aerospace,P03,Equity Capital Markets,United States,B006,James Wilson,115000,172000,14800,6700,11900,4130000,3
2025-04-01,C015,Titan Aerospace,P04,Corporate Lending,United States,B006,James Wilson,158000,183000,12000,7300,9300,12420000,5
2025-04-01,C015,Titan Aerospace,P05,Treasury & Risk Solutions,United States,B006,James Wilson,111000,106000,10900,7300,9000,1800000,9
2025-04-01,C016,Nova Retail Holdings,P01,M&A Advisory,Canada,B011,Aisha Patel,98000,111000,13200,5700,11200,870000,2
2025-04-01,C016,Nova Retail Holdings,P02,Debt Capital Markets,Canada,B011,Aisha Patel,78000,80000,8100,3600,6400,3080000,2
2025-04-01,C016,Nova Retail Holdings,P03,Equity Capital Markets,Canada,B011,Aisha Patel,52000,82000,5500,2900,4200,1640000,2
2025-04-01,C016,Nova Retail Holdings,P04,Corporate Lending,Canada,B011,Aisha Patel,46000,69000,3300,2200,2700,6090000,3
2025-04-01,C016,Nova Retail Holdings,P05,Treasury & Risk Solutions,Canada,B011,Aisha Patel,43000,45000,5000,2800,3800,670000,9
2025-04-01,C017,Boreal Resources,P01,M&A Advisory,Canada,B007,Nadia Hassan,190000,180000,26200,10900,21100,1340000,3
2025-04-01,C017,Boreal Resources,P02,Debt Capital Markets,Canada,B007,Nadia Hassan,160000,140000,15300,7800,13100,5070000,5
2025-04-01,C017,Boreal Resources,P03,Equity Capital Markets,Canada,B007,Nadia Hassan,83000,116000,8800,4600,6900,2690000,3
2025-04-01,C017,Boreal Resources,P04,Corporate Lending,Canada,B007,Nadia Hassan,98000,116000,7500,5100,6300,9830000,5
2025-04-01,C017,Boreal Resources,P05,Treasury & Risk Solutions,Canada,B007,Nadia Hassan,61000,72000,6300,4100,4600,1210000,6
2025-04-01,C018,Silverline Insurance,P01,M&A Advisory,Europe,B005,Sofia Martin,187000,183000,23300,11000,20900,1400000,1
2025-04-01,C018,Silverline Insurance,P02,Debt Capital Markets,Europe,B005,Sofia Martin,146000,140000,14600,7700,11400,4570000,3
2025-04-01,C018,Silverline Insurance,P03,Equity Capital Markets,Europe,B005,Sofia Martin,89000,127000,10800,5200,7600,2730000,2
2025-04-01,C018,Silverline Insurance,P04,Corporate Lending,Europe,B005,Sofia Martin,124000,126000,9600,6600,7400,9360000,3
2025-04-01,C018,Silverline Insurance,P05,Treasury & Risk Solutions,Europe,B005,Sofia Martin,77000,87000,8800,4800,6400,1300000,5
2025-04-01,C019,Redwood Media,P01,M&A Advisory,United States,B002,Daniel Brooks,86000,104000,10500,4800,9000,810000,1
2025-04-01,C019,Redwood Media,P02,Debt Capital Markets,United States,B002,Daniel Brooks,73000,90000,6700,3400,5800,3170000,5
2025-04-01,C019,Redwood Media,P03,Equity Capital Markets,United States,B002,Daniel Brooks,51000,82000,6200,3100,4800,1610000,2
2025-04-01,C019,Redwood Media,P04,Corporate Lending,United States,B002,Daniel Brooks,49000,82000,3600,2300,2700,5100000,4
2025-04-01,C019,Redwood Media,P05,Treasury & Risk Solutions,United States,B002,Daniel Brooks,37000,50000,4300,2500,3300,840000,14
2025-04-01,C020,Glacier Manufacturing,P01,M&A Advisory,Canada,B007,Nadia Hassan,176000,158000,22800,10000,19200,1470000,2
2025-04-01,C020,Glacier Manufacturing,P02,Debt Capital Markets,Canada,B007,Nadia Hassan,135000,123000,11900,7200,9200,4620000,4
2025-04-01,C020,Glacier Manufacturing,P03,Equity Capital Markets,Canada,B007,Nadia Hassan,83000,127000,9800,4900,7800,2560000,3
2025-04-01,C020,Glacier Manufacturing,P04,Corporate Lending,Canada,B007,Nadia Hassan,86000,106000,5900,4300,4500,7740000,5
2025-04-01,C020,Glacier Manufacturing,P05,Treasury & Risk Solutions,Canada,B007,Nadia Hassan,72000,81000,7200,4900,6000,1350000,12
2025-04-01,C021,Trillium Utilities,P01,M&A Advisory,Canada,B007,Nadia Hassan,161000,155000,19500,9500,16200,1450000,2
2025-04-01,C021,Trillium Utilities,P02,Debt Capital Markets,Canada,B007,Nadia Hassan,148000,150000,15500,7600,13200,5050000,6
2025-04-01,C021,Trillium Utilities,P03,Equity Capital Markets,Canada,B007,Nadia Hassan,102000,142000,13000,5900,9200,2190000,3
2025-04-01,C021,Trillium Utilities,P04,Corporate Lending,Canada,B007,Nadia Hassan,108000,123000,8600,5300,7100,7590000,3
2025-04-01,C021,Trillium Utilities,P05,Treasury & Risk Solutions,Canada,B007,Nadia Hassan,83000,87000,9400,5300,7300,1380000,7
2025-04-01,C022,Beacon Education Group,P01,M&A Advisory,Canada,B003,Priya Nair,122000,114000,17300,6300,15800,920000,3
2025-04-01,C022,Beacon Education Group,P02,Debt Capital Markets,Canada,B003,Priya Nair,87000,86000,8200,4400,6700,2730000,5
2025-04-01,C022,Beacon Education Group,P03,Equity Capital Markets,Canada,B003,Priya Nair,67000,81000,7600,4300,5500,1490000,1
2025-04-01,C022,Beacon Education Group,P04,Corporate Lending,Canada,B003,Priya Nair,49000,66000,3900,2400,3100,4980000,5
2025-04-01,C022,Beacon Education Group,P05,Treasury & Risk Solutions,Canada,B003,Priya Nair,52000,55000,5500,3300,4100,730000,14
2025-04-01,C023,Keystone Agriculture,P01,M&A Advisory,Canada,B011,Aisha Patel,94000,93000,13300,5600,11500,810000,2
2025-04-01,C023,Keystone Agriculture,P02,Debt Capital Markets,Canada,B011,Aisha Patel,87000,86000,7800,4100,6400,2890000,3
2025-04-01,C023,Keystone Agriculture,P03,Equity Capital Markets,Canada,B011,Aisha Patel,49000,74000,5900,2900,4600,1790000,1
2025-04-01,C023,Keystone Agriculture,P04,Corporate Lending,Canada,B011,Aisha Patel,64000,75000,4600,3200,3900,4910000,3
2025-04-01,C023,Keystone Agriculture,P05,Treasury & Risk Solutions,Canada,B011,Aisha Patel,46000,47000,5200,3200,4200,800000,6
2025-04-01,C024,Pacific Hospitality,P01,M&A Advisory,Asia-Pacific,B004,Marcus Lee,95000,111000,13800,5200,12100,1050000,3
2025-04-01,C024,Pacific Hospitality,P02,Debt Capital Markets,Asia-Pacific,B004,Marcus Lee,57000,79000,6000,3000,5300,2720000,5
2025-04-01,C024,Pacific Hospitality,P03,Equity Capital Markets,Asia-Pacific,B004,Marcus Lee,36000,73000,4000,2000,3000,1620000,2
2025-04-01,C024,Pacific Hospitality,P04,Corporate Lending,Asia-Pacific,B004,Marcus Lee,42000,76000,3100,2300,2500,6050000,2
2025-04-01,C024,Pacific Hospitality,P05,Treasury & Risk Solutions,Asia-Pacific,B004,Marcus Lee,35000,55000,4000,2400,3100,770000,13
2025-05-01,C001,Northstar Energy,P01,M&A Advisory,Canada,B009,Grace Liu,339000,273000,44300,17400,40300,2250000,3
2025-05-01,C001,Northstar Energy,P02,Debt Capital Markets,Canada,B009,Grace Liu,234000,215000,21300,11400,17600,6990000,3
2025-05-01,C001,Northstar Energy,P03,Equity Capital Markets,Canada,B009,Grace Liu,147000,191000,17700,8300,14100,3670000,2
2025-05-01,C001,Northstar Energy,P04,Corporate Lending,Canada,B009,Grace Liu,177000,184000,13500,9400,11600,11180000,5
2025-05-01,C001,Northstar Energy,P05,Treasury & Risk Solutions,Canada,B009,Grace Liu,150000,133000,15100,9800,12300,1950000,9
2025-05-01,C002,Aurora Mobility,P01,M&A Advisory,United States,B002,Daniel Brooks,224000,250000,32200,11600,27600,2490000,2
2025-05-01,C002,Aurora Mobility,P02,Debt Capital Markets,United States,B002,Daniel Brooks,205000,224000,20400,10600,17500,5980000,6
2025-05-01,C002,Aurora Mobility,P03,Equity Capital Markets,United States,B002,Daniel Brooks,142000,194000,17700,7900,12400,3540000,2
2025-05-01,C002,Aurora Mobility,P04,Corporate Lending,United States,B002,Daniel Brooks,165000,187000,13200,8400,10000,12010000,4
2025-05-01,C002,Aurora Mobility,P05,Treasury & Risk Solutions,United States,B002,Daniel Brooks,100000,108000,11800,6000,9900,1610000,7
2025-05-01,C003,Maple Health Systems,P01,M&A Advisory,Canada,B007,Nadia Hassan,202000,158000,27400,11700,25100,1360000,3
2025-05-01,C003,Maple Health Systems,P02,Debt Capital Markets,Canada,B007,Nadia Hassan,158000,141000,16500,7900,13400,5160000,6
2025-05-01,C003,Maple Health Systems,P03,Equity Capital Markets,Canada,B007,Nadia Hassan,91000,127000,10700,5500,7500,2390000,3
2025-05-01,C003,Maple Health Systems,P04,Corporate Lending,Canada,B007,Nadia Hassan,127000,138000,9100,6600,7100,7720000,3
2025-05-01,C003,Maple Health Systems,P05,Treasury & Risk Solutions,Canada,B007,Nadia Hassan,95000,86000,9300,5900,6800,1250000,12
2025-05-01,C004,Horizon Telecom,P01,M&A Advisory,United States,B006,James Wilson,280000,258000,33500,16100,27200,1870000,3
2025-05-01,C004,Horizon Telecom,P02,Debt Capital Markets,United States,B006,James Wilson,247000,221000,24900,12300,20600,6780000,3
2025-05-01,C004,Horizon Telecom,P03,Equity Capital Markets,United States,B006,James Wilson,140000,202000,15300,7900,11600,3720000,1
2025-05-01,C004,Horizon Telecom,P04,Corporate Lending,United States,B006,James Wilson,129000,163000,9100,6000,7600,13810000,2
2025-05-01,C004,Horizon Telecom,P05,Treasury & Risk Solutions,United States,B006,James Wilson,126000,125000,14000,8200,11100,1930000,7
2025-05-01,C005,Cascade Consumer Brands,P01,M&A Advisory,Canada,B003,Priya Nair,153000,155000,19500,8200,16500,1430000,3
2025-05-01,C005,Cascade Consumer Brands,P02,Debt Capital Markets,Canada,B003,Priya Nair,138000,149000,13900,7000,11900,4480000,5
2025-05-01,C005,Cascade Consumer Brands,P03,Equity Capital Markets,Canada,B003,Priya Nair,86000,128000,10900,4700,8200,2340000,2
2025-05-01,C005,Cascade Consumer Brands,P04,Corporate Lending,Canada,B003,Priya Nair,115000,126000,8500,5500,6700,9630000,4
2025-05-01,C005,Cascade Consumer Brands,P05,Treasury & Risk Solutions,Canada,B003,Priya Nair,80000,81000,9100,5100,7600,1090000,13
2025-05-01,C006,Summit Mining,P01,M&A Advisory,Canada,B009,Grace Liu,242000,267000,32800,13900,27500,1880000,1
2025-05-01,C006,Summit Mining,P02,Debt Capital Markets,Canada,B009,Grace Liu,211000,216000,20500,11200,18200,6890000,3
2025-05-01,C006,Summit Mining,P03,Equity Capital Markets,Canada,B009,Grace Liu,125000,202000,13500,7000,10800,3640000,2
2025-05-01,C006,Summit Mining,P04,Corporate Lending,Canada,B009,Grace Liu,166000,177000,12200,8300,9700,10660000,2
2025-05-01,C006,Summit Mining,P05,Treasury & Risk Solutions,Canada,B009,Grace Liu,108000,129000,11600,6900,9500,1540000,7
2025-05-01,C007,BlueWave Infrastructure,P01,M&A Advisory,Europe,B012,Lucas Moreau,299000,275000,39200,15800,35300,2280000,3
2025-05-01,C007,BlueWave Infrastructure,P02,Debt Capital Markets,Europe,B012,Lucas Moreau,213000,213000,21100,10400,17400,5780000,6
2025-05-01,C007,BlueWave Infrastructure,P03,Equity Capital Markets,Europe,B012,Lucas Moreau,161000,207000,20600,9300,15200,3740000,1
2025-05-01,C007,BlueWave Infrastructure,P04,Corporate Lending,Europe,B012,Lucas Moreau,188000,184000,15800,10000,11900,12480000,2
2025-05-01,C007,BlueWave Infrastructure,P05,Treasury & Risk Solutions,Europe,B012,Lucas Moreau,116000,122000,12800,7600,10500,1860000,13
2025-05-01,C008,Greenfield Renewables,P01,M&A Advisory,Europe,B005,Sofia Martin,204000,226000,25100,11000,22000,2050000,3
2025-05-01,C008,Greenfield Renewables,P02,Debt Capital Markets,Europe,B005,Sofia Martin,189000,185000,17900,9700,15900,6840000,5
2025-05-01,C008,Greenfield Renewables,P03,Equity Capital Markets,Europe,B005,Sofia Martin,112000,185000,13400,6300,9600,3940000,3
2025-05-01,C008,Greenfield Renewables,P04,Corporate Lending,Europe,B005,Sofia Martin,132000,167000,10400,6300,8000,12970000,4
2025-05-01,C008,Greenfield Renewables,P05,Treasury & Risk Solutions,Europe,B005,Sofia Martin,112000,116000,12200,6900,9900,1510000,13
2025-05-01,C009,Atlas Logistics,P01,M&A Advisory,United States,B010,Michael Torres,196000,183000,27900,10000,25300,1590000,2
2025-05-01,C009,Atlas Logistics,P02,Debt Capital Markets,United States,B010,Michael Torres,172000,151000,17200,8300,14000,4700000,4
2025-05-01,C009,Atlas Logistics,P03,Equity Capital Markets,United States,B010,Michael Torres,86000,120000,11000,5200,8100,2770000,2
2025-05-01,C009,Atlas Logistics,P04,Corporate Lending,United States,B010,Michael Torres,115000,127000,9400,5500,7100,8740000,3
2025-05-01,C009,Atlas Logistics,P05,Treasury & Risk Solutions,United States,B010,Michael Torres,88000,78000,9300,5600,7300,1030000,14
2025-05-01,C010,Cedar Financial Group,P01,M&A Advisory,Canada,B007,Nadia Hassan,302000,245000,41800,17700,36200,2520000,1
2025-05-01,C010,Cedar Financial Group,P02,Debt Capital Markets,Canada,B007,Nadia Hassan,270000,203000,25700,13000,21400,6870000,5
2025-05-01,C010,Cedar Financial Group,P03,Equity Capital Markets,Canada,B007,Nadia Hassan,154000,194000,19700,9300,15100,3740000,2
2025-05-01,C010,Cedar Financial Group,P04,Corporate Lending,Canada,B007,Nadia Hassan,182000,179000,13300,9800,11200,13570000,2
2025-05-01,C010,Cedar Financial Group,P05,Treasury & Risk Solutions,Canada,B007,Nadia Hassan,165000,134000,17800,9900,14300,1560000,13
2025-05-01,C011,Polar Data Systems,P01,M&A Advisory,Canada,B007,Nadia Hassan,183000,161000,22400,10100,20600,1370000,3
2025-05-01,C011,Polar Data Systems,P02,Debt Capital Markets,Canada,B007,Nadia Hassan,171000,150000,16500,9000,13300,4110000,5
2025-05-01,C011,Polar Data Systems,P03,Equity Capital Markets,Canada,B007,Nadia Hassan,112000,144000,12100,6800,9600,2520000,2
2025-05-01,C011,Polar Data Systems,P04,Corporate Lending,Canada,B007,Nadia Hassan,130000,136000,10900,6300,8900,9430000,4
2025-05-01,C011,Polar Data Systems,P05,Treasury & Risk Solutions,Canada,B007,Nadia Hassan,98000,90000,11400,6000,8900,1100000,10
2025-05-01,C012,Evergreen Foods,P01,M&A Advisory,United States,B002,Daniel Brooks,160000,180000,21100,8700,19400,1480000,2
2025-05-01,C012,Evergreen Foods,P02,Debt Capital Markets,United States,B002,Daniel Brooks,144000,154000,13200,6700,10800,4150000,3
2025-05-01,C012,Evergreen Foods,P03,Equity Capital Markets,United States,B002,Daniel Brooks,92000,135000,10300,5300,7300,2760000,1
2025-05-01,C012,Evergreen Foods,P04,Corporate Lending,United States,B002,Daniel Brooks,104000,122000,7800,5400,5900,7750000,2
2025-05-01,C012,Evergreen Foods,P05,Treasury & Risk Solutions,United States,B002,Daniel Brooks,73000,78000,7500,4400,5600,1170000,13
2025-05-01,C013,Meridian Pharma,P01,M&A Advisory,Europe,B005,Sofia Martin,198000,227000,27700,11000,25400,2110000,1
2025-05-01,C013,Meridian Pharma,P02,Debt Capital Markets,Europe,B005,Sofia Martin,211000,211000,21500,10800,18800,7000000,4
2025-05-01,C013,Meridian Pharma,P03,Equity Capital Markets,Europe,B005,Sofia Martin,135000,204000,14500,8100,11400,3890000,1
2025-05-01,C013,Meridian Pharma,P04,Corporate Lending,Europe,B005,Sofia Martin,179000,197000,12500,8500,10200,12940000,5
2025-05-01,C013,Meridian Pharma,P05,Treasury & Risk Solutions,Europe,B005,Sofia Martin,115000,135000,11900,7600,9600,1710000,8
2025-05-01,C014,Harbour Real Estate,P01,M&A Advisory,Canada,B007,Nadia Hassan,203000,167000,27100,10900,24300,1440000,2
2025-05-01,C014,Harbour Real Estate,P02,Debt Capital Markets,Canada,B007,Nadia Hassan,172000,160000,17200,8800,15100,5170000,5
2025-05-01,C014,Harbour Real Estate,P03,Equity Capital Markets,Canada,B007,Nadia Hassan,108000,149000,13000,6700,10000,2620000,1
2025-05-01,C014,Harbour Real Estate,P04,Corporate Lending,Canada,B007,Nadia Hassan,121000,124000,8500,6000,6500,8380000,2
2025-05-01,C014,Harbour Real Estate,P05,Treasury & Risk Solutions,Canada,B007,Nadia Hassan,100000,87000,10400,6100,8400,1100000,9
2025-05-01,C015,Titan Aerospace,P01,M&A Advisory,United States,B006,James Wilson,286000,273000,36400,15600,30000,2440000,2
2025-05-01,C015,Titan Aerospace,P02,Debt Capital Markets,United States,B006,James Wilson,193000,210000,17600,10300,14000,6990000,4
2025-05-01,C015,Titan Aerospace,P03,Equity Capital Markets,United States,B006,James Wilson,111000,184000,13400,6800,10700,3350000,1
2025-05-01,C015,Titan Aerospace,P04,Corporate Lending,United States,B006,James Wilson,165000,199000,13500,8300,10300,13760000,4
2025-05-01,C015,Titan Aerospace,P05,Treasury & Risk Solutions,United States,B006,James Wilson,100000,115000,10800,7000,8300,1800000,9
2025-05-01,C016,Nova Retail Holdings,P01,M&A Advisory,Canada,B011,Aisha Patel,96000,113000,12500,4900,10800,980000,3
2025-05-01,C016,Nova Retail Holdings,P02,Debt Capital Markets,Canada,B011,Aisha Patel,84000,81000,7900,4300,6100,2710000,5
2025-05-01,C016,Nova Retail Holdings,P03,Equity Capital Markets,Canada,B011,Aisha Patel,53000,92000,5900,3000,4300,1480000,1
2025-05-01,C016,Nova Retail Holdings,P04,Corporate Lending,Canada,B011,Aisha Patel,45000,69000,3200,2200,2600,4940000,2
2025-05-01,C016,Nova Retail Holdings,P05,Treasury & Risk Solutions,Canada,B011,Aisha Patel,58000,58000,6100,3900,4600,750000,12
2025-05-01,C017,Boreal Resources,P01,M&A Advisory,Canada,B007,Nadia Hassan,190000,189000,24400,10300,21600,1480000,1
2025-05-01,C017,Boreal Resources,P02,Debt Capital Markets,Canada,B007,Nadia Hassan,155000,138000,15900,7600,13200,5060000,4
2025-05-01,C017,Boreal Resources,P03,Equity Capital Markets,Canada,B007,Nadia Hassan,88000,120000,10500,5700,7700,2190000,1
2025-05-01,C017,Boreal Resources,P04,Corporate Lending,Canada,B007,Nadia Hassan,109000,126000,8200,5400,6900,8650000,2
2025-05-01,C017,Boreal Resources,P05,Treasury & Risk Solutions,Canada,B007,Nadia Hassan,66000,78000,7000,4200,5500,1100000,13
2025-05-01,C018,Silverline Insurance,P01,M&A Advisory,Europe,B005,Sofia Martin,191000,190000,26500,10400,24300,1390000,2
2025-05-01,C018,Silverline Insurance,P02,Debt Capital Markets,Europe,B005,Sofia Martin,141000,140000,14100,7100,12200,4790000,6
2025-05-01,C018,Silverline Insurance,P03,Equity Capital Markets,Europe,B005,Sofia Martin,99000,133000,11800,5500,9400,2700000,2
2025-05-01,C018,Silverline Insurance,P04,Corporate Lending,Europe,B005,Sofia Martin,113000,120000,9000,6000,7200,7470000,3
2025-05-01,C018,Silverline Insurance,P05,Treasury & Risk Solutions,Europe,B005,Sofia Martin,90000,86000,9100,5500,7300,1360000,10
2025-05-01,C019,Redwood Media,P01,M&A Advisory,United States,B002,Daniel Brooks,84000,100000,11500,4500,10100,810000,1
2025-05-01,C019,Redwood Media,P02,Debt Capital Markets,United States,B002,Daniel Brooks,78000,89000,6900,3700,5700,3190000,6
2025-05-01,C019,Redwood Media,P03,Equity Capital Markets,United States,B002,Daniel Brooks,46000,87000,5600,2800,4000,1570000,2
2025-05-01,C019,Redwood Media,P04,Corporate Lending,United States,B002,Daniel Brooks,56000,83000,4600,2700,3900,4630000,3
2025-05-01,C019,Redwood Media,P05,Treasury & Risk Solutions,United States,B002,Daniel Brooks,48000,56000,5200,3200,4000,840000,14
2025-05-01,C020,Glacier Manufacturing,P01,M&A Advisory,Canada,B007,Nadia Hassan,169000,153000,21800,9900,18700,1580000,2
2025-05-01,C020,Glacier Manufacturing,P02,Debt Capital Markets,Canada,B007,Nadia Hassan,153000,151000,13600,7900,12000,4210000,3
2025-05-01,C020,Glacier Manufacturing,P03,Equity Capital Markets,Canada,B007,Nadia Hassan,106000,144000,12900,6300,9900,2190000,1
2025-05-01,C020,Glacier Manufacturing,P04,Corporate Lending,Canada,B007,Nadia Hassan,119000,135000,9400,5900,7700,8230000,4
2025-05-01,C020,Glacier Manufacturing,P05,Treasury & Risk Solutions,Canada,B007,Nadia Hassan,66000,79000,6900,4300,5100,1340000,7
2025-05-01,C021,Trillium Utilities,P01,M&A Advisory,Canada,B007,Nadia Hassan,178000,193000,24600,9700,22400,1450000,1
2025-05-01,C021,Trillium Utilities,P02,Debt Capital Markets,Canada,B007,Nadia Hassan,133000,137000,12900,7100,11000,4580000,5
2025-05-01,C021,Trillium Utilities,P03,Equity Capital Markets,Canada,B007,Nadia Hassan,88000,121000,10700,5500,7500,2180000,3
2025-05-01,C021,Trillium Utilities,P04,Corporate Lending,Canada,B007,Nadia Hassan,110000,114000,8800,5900,6700,7650000,5
2025-05-01,C021,Trillium Utilities,P05,Treasury & Risk Solutions,Canada,B007,Nadia Hassan,67000,75000,7000,4400,5700,1260000,5
2025-05-01,C022,Beacon Education Group,P01,M&A Advisory,Canada,B003,Priya Nair,123000,116000,15700,6500,13600,900000,2
2025-05-01,C022,Beacon Education Group,P02,Debt Capital Markets,Canada,B003,Priya Nair,112000,96000,11900,5300,9900,2730000,2
2025-05-01,C022,Beacon Education Group,P03,Equity Capital Markets,Canada,B003,Priya Nair,58000,79000,7100,3300,5300,1550000,1
2025-05-01,C022,Beacon Education Group,P04,Corporate Lending,Canada,B003,Priya Nair,51000,69000,4200,2400,3300,5460000,2
2025-05-01,C022,Beacon Education Group,P05,Treasury & Risk Solutions,Canada,B003,Priya Nair,50000,52000,5900,3100,4900,780000,11
2025-05-01,C023,Keystone Agriculture,P01,M&A Advisory,Canada,B011,Aisha Patel,114000,103000,13700,5900,12000,820000,1
2025-05-01,C023,Keystone Agriculture,P02,Debt Capital Markets,Canada,B011,Aisha Patel,89000,87000,8600,4200,7200,2900000,4
2025-05-01,C023,Keystone Agriculture,P03,Equity Capital Markets,Canada,B011,Aisha Patel,57000,85000,7300,3300,5100,1420000,3
2025-05-01,C023,Keystone Agriculture,P04,Corporate Lending,Canada,B011,Aisha Patel,57000,81000,4400,3000,3600,4960000,5
2025-05-01,C023,Keystone Agriculture,P05,Treasury & Risk Solutions,Canada,B011,Aisha Patel,56000,52000,5700,3600,4700,730000,10
2025-05-01,C024,Pacific Hospitality,P01,M&A Advisory,Asia-Pacific,B004,Marcus Lee,79000,108000,10100,4400,8400,910000,2
2025-05-01,C024,Pacific Hospitality,P02,Debt Capital Markets,Asia-Pacific,B004,Marcus Lee,69000,79000,6600,3200,5100,2910000,3
2025-05-01,C024,Pacific Hospitality,P03,Equity Capital Markets,Asia-Pacific,B004,Marcus Lee,40000,82000,4500,2400,3300,1500000,1
2025-05-01,C024,Pacific Hospitality,P04,Corporate Lending,Asia-Pacific,B004,Marcus Lee,48000,78000,3800,2400,3200,5760000,4
2025-05-01,C024,Pacific Hospitality,P05,Treasury & Risk Solutions,Asia-Pacific,B004,Marcus Lee,37000,46000,4300,2400,3600,820000,8
2025-06-01,C001,Northstar Energy,P01,M&A Advisory,Canada,B009,Grace Liu,369000,287000,53600,20500,47400,2500000,1
2025-06-01,C001,Northstar Energy,P02,Debt Capital Markets,Canada,B009,Grace Liu,283000,221000,27800,14200,23800,5840000,2
2025-06-01,C001,Northstar Energy,P03,Equity Capital Markets,Canada,B009,Grace Liu,171000,214000,20100,10700,16200,3860000,3
2025-06-01,C001,Northstar Energy,P04,Corporate Lending,Canada,B009,Grace Liu,180000,187000,12600,8400,10500,11360000,5
2025-06-01,C001,Northstar Energy,P05,Treasury & Risk Solutions,Canada,B009,Grace Liu,146000,130000,14700,9700,11600,1910000,11
2025-06-01,C002,Aurora Mobility,P01,M&A Advisory,United States,B002,Daniel Brooks,240000,250000,34900,13400,29800,2190000,2
2025-06-01,C002,Aurora Mobility,P02,Debt Capital Markets,United States,B002,Daniel Brooks,275000,249000,25400,14400,21600,6810000,6
2025-06-01,C002,Aurora Mobility,P03,Equity Capital Markets,United States,B002,Daniel Brooks,128000,209000,14100,7400,10800,3450000,3
2025-06-01,C002,Aurora Mobility,P04,Corporate Lending,United States,B002,Daniel Brooks,149000,186000,12500,7800,9700,11070000,5
2025-06-01,C002,Aurora Mobility,P05,Treasury & Risk Solutions,United States,B002,Daniel Brooks,118000,136000,12600,8200,9700,1840000,13
2025-06-01,C003,Maple Health Systems,P01,M&A Advisory,Canada,B007,Nadia Hassan,175000,168000,21400,9000,18300,1720000,2
2025-06-01,C003,Maple Health Systems,P02,Debt Capital Markets,Canada,B007,Nadia Hassan,193000,165000,17200,10300,14300,4490000,4
2025-06-01,C003,Maple Health Systems,P03,Equity Capital Markets,Canada,B007,Nadia Hassan,111000,131000,13700,6800,10100,2620000,2
2025-06-01,C003,Maple Health Systems,P04,Corporate Lending,Canada,B007,Nadia Hassan,145000,148000,11000,7800,9000,8930000,5
2025-06-01,C003,Maple Health Systems,P05,Treasury & Risk Solutions,Canada,B007,Nadia Hassan,84000,80000,9700,5900,7200,1070000,13
2025-06-01,C004,Horizon Telecom,P01,M&A Advisory,United States,B006,James Wilson,260000,287000,34900,13200,31300,2100000,2
2025-06-01,C004,Horizon Telecom,P02,Debt Capital Markets,United States,B006,James Wilson,240000,216000,22400,12300,18800,6640000,3
2025-06-01,C004,Horizon Telecom,P03,Equity Capital Markets,United States,B006,James Wilson,163000,221000,17300,10000,13300,3680000,3
2025-06-01,C004,Horizon Telecom,P04,Corporate Lending,United States,B006,James Wilson,171000,195000,13100,8900,10000,13650000,3
2025-06-01,C004,Horizon Telecom,P05,Treasury & Risk Solutions,United States,B006,James Wilson,121000,116000,13400,7700,10900,1880000,10
2025-06-01,C005,Cascade Consumer Brands,P01,M&A Advisory,Canada,B003,Priya Nair,216000,204000,28700,11400,24900,1530000,2
2025-06-01,C005,Cascade Consumer Brands,P02,Debt Capital Markets,Canada,B003,Priya Nair,160000,167000,16900,8600,14400,4440000,3
2025-06-01,C005,Cascade Consumer Brands,P03,Equity Capital Markets,Canada,B003,Priya Nair,88000,130000,10500,5700,7500,2290000,2
2025-06-01,C005,Cascade Consumer Brands,P04,Corporate Lending,Canada,B003,Priya Nair,98000,117000,6900,5100,5800,7410000,3
2025-06-01,C005,Cascade Consumer Brands,P05,Treasury & Risk Solutions,Canada,B003,Priya Nair,81000,96000,8700,5000,7000,1050000,9
2025-06-01,C006,Summit Mining,P01,M&A Advisory,Canada,B009,Grace Liu,207000,240000,28700,11400,24200,2460000,2
2025-06-01,C006,Summit Mining,P02,Debt Capital Markets,Canada,B009,Grace Liu,256000,232000,23900,12700,20500,6360000,3
2025-06-01,C006,Summit Mining,P03,Equity Capital Markets,Canada,B009,Grace Liu,155000,219000,18500,9900,13000,3910000,2
2025-06-01,C006,Summit Mining,P04,Corporate Lending,Canada,B009,Grace Liu,151000,200000,11800,7800,9000,11310000,5
2025-06-01,C006,Summit Mining,P05,Treasury & Risk Solutions,Canada,B009,Grace Liu,135000,143000,14400,8500,12000,1760000,12
2025-06-01,C007,BlueWave Infrastructure,P01,M&A Advisory,Europe,B012,Lucas Moreau,271000,282000,34100,14200,31400,2030000,2
2025-06-01,C007,BlueWave Infrastructure,P02,Debt Capital Markets,Europe,B012,Lucas Moreau,226000,230000,22000,11500,17000,6760000,4
2025-06-01,C007,BlueWave Infrastructure,P03,Equity Capital Markets,Europe,B012,Lucas Moreau,157000,207000,18400,9700,14300,3920000,2
2025-06-01,C007,BlueWave Infrastructure,P04,Corporate Lending,Europe,B012,Lucas Moreau,182000,190000,13200,8800,10500,14070000,5
2025-06-01,C007,BlueWave Infrastructure,P05,Treasury & Risk Solutions,Europe,B012,Lucas Moreau,119000,126000,13700,7100,11100,1930000,5
2025-06-01,C008,Greenfield Renewables,P01,M&A Advisory,Europe,B005,Sofia Martin,256000,293000,34000,13300,30900,2250000,3
2025-06-01,C008,Greenfield Renewables,P02,Debt Capital Markets,Europe,B005,Sofia Martin,222000,247000,21300,11200,18500,5740000,4
2025-06-01,C008,Greenfield Renewables,P03,Equity Capital Markets,Europe,B005,Sofia Martin,132000,201000,14900,8000,10900,3880000,2
2025-06-01,C008,Greenfield Renewables,P04,Corporate Lending,Europe,B005,Sofia Martin,151000,194000,10600,7300,8500,11800000,5
2025-06-01,C008,Greenfield Renewables,P05,Treasury & Risk Solutions,Europe,B005,Sofia Martin,123000,129000,14300,7800,10900,2010000,9
2025-06-01,C009,Atlas Logistics,P01,M&A Advisory,United States,B010,Michael Torres,211000,166000,29600,11300,25900,1720000,2
2025-06-01,C009,Atlas Logistics,P02,Debt Capital Markets,United States,B010,Michael Torres,181000,139000,18200,8800,15300,4030000,3
2025-06-01,C009,Atlas Logistics,P03,Equity Capital Markets,United States,B010,Michael Torres,118000,159000,15100,7100,10800,2240000,2
2025-06-01,C009,Atlas Logistics,P04,Corporate Lending,United States,B010,Michael Torres,129000,136000,9200,6900,7400,7700000,3
2025-06-01,C009,Atlas Logistics,P05,Treasury & Risk Solutions,United States,B010,Michael Torres,105000,99000,10600,7200,8900,1140000,5
2025-06-01,C010,Cedar Financial Group,P01,M&A Advisory,Canada,B007,Nadia Hassan,333000,264000,45400,19400,38200,1930000,2
2025-06-01,C010,Cedar Financial Group,P02,Debt Capital Markets,Canada,B007,Nadia Hassan,322000,244000,32900,16900,25900,7450000,4
2025-06-01,C010,Cedar Financial Group,P03,Equity Capital Markets,Canada,B007,Nadia Hassan,154000,193000,16800,9600,12800,3910000,3
2025-06-01,C010,Cedar Financial Group,P04,Corporate Lending,Canada,B007,Nadia Hassan,206000,198000,16300,10500,13400,11340000,5
2025-06-01,C010,Cedar Financial Group,P05,Treasury & Risk Solutions,Canada,B007,Nadia Hassan,143000,122000,14300,9900,11300,1680000,10
2025-06-01,C011,Polar Data Systems,P01,M&A Advisory,Canada,B007,Nadia Hassan,199000,184000,27400,10900,23000,1480000,1
2025-06-01,C011,Polar Data Systems,P02,Debt Capital Markets,Canada,B007,Nadia Hassan,168000,148000,17800,8900,14700,4850000,3
2025-06-01,C011,Polar Data Systems,P03,Equity Capital Markets,Canada,B007,Nadia Hassan,95000,131000,11500,5400,9200,2400000,3
2025-06-01,C011,Polar Data Systems,P04,Corporate Lending,Canada,B007,Nadia Hassan,137000,136000,10500,7300,7900,9540000,4
2025-06-01,C011,Polar Data Systems,P05,Treasury & Risk Solutions,Canada,B007,Nadia Hassan,93000,82000,10100,6100,8200,1250000,9
2025-06-01,C012,Evergreen Foods,P01,M&A Advisory,United States,B002,Daniel Brooks,220000,200000,29800,11900,26500,1570000,2
2025-06-01,C012,Evergreen Foods,P02,Debt Capital Markets,United States,B002,Daniel Brooks,164000,148000,14600,8700,12400,4420000,4
2025-06-01,C012,Evergreen Foods,P03,Equity Capital Markets,United States,B002,Daniel Brooks,97000,140000,11200,6300,8600,2660000,3
2025-06-01,C012,Evergreen Foods,P04,Corporate Lending,United States,B002,Daniel Brooks,133000,137000,9800,6400,8100,7450000,4
2025-06-01,C012,Evergreen Foods,P05,Treasury & Risk Solutions,United States,B002,Daniel Brooks,81000,83000,9300,4900,6900,1360000,12
2025-06-01,C013,Meridian Pharma,P01,M&A Advisory,Europe,B005,Sofia Martin,281000,261000,36700,15000,33800,1890000,1
2025-06-01,C013,Meridian Pharma,P02,Debt Capital Markets,Europe,B005,Sofia Martin,217000,239000,22700,10600,19400,6810000,6
2025-06-01,C013,Meridian Pharma,P03,Equity Capital Markets,Europe,B005,Sofia Martin,132000,186000,15300,8000,12300,4110000,1
2025-06-01,C013,Meridian Pharma,P04,Corporate Lending,Europe,B005,Sofia Martin,185000,197000,15100,9300,12800,13970000,4
2025-06-01,C013,Meridian Pharma,P05,Treasury & Risk Solutions,Europe,B005,Sofia Martin,121000,124000,12700,8000,9500,1900000,8
2025-06-01,C014,Harbour Real Estate,P01,M&A Advisory,Canada,B007,Nadia Hassan,218000,184000,28500,12600,23600,1570000,2
2025-06-01,C014,Harbour Real Estate,P02,Debt Capital Markets,Canada,B007,Nadia Hassan,213000,166000,18700,11300,15000,4800000,5
2025-06-01,C014,Harbour Real Estate,P03,Equity Capital Markets,Canada,B007,Nadia Hassan,96000,131000,12100,6000,9500,2200000,2
2025-06-01,C014,Harbour Real Estate,P04,Corporate Lending,Canada,B007,Nadia Hassan,131000,123000,10000,6700,8300,9040000,4
2025-06-01,C014,Harbour Real Estate,P05,Treasury & Risk Solutions,Canada,B007,Nadia Hassan,109000,98000,10800,7400,8100,1250000,7
2025-06-01,C015,Titan Aerospace,P01,M&A Advisory,United States,B006,James Wilson,265000,267000,37700,14600,30900,2500000,1
2025-06-01,C015,Titan Aerospace,P02,Debt Capital Markets,United States,B006,James Wilson,211000,201000,20000,10300,16000,6180000,6
2025-06-01,C015,Titan Aerospace,P03,Equity Capital Markets,United States,B006,James Wilson,144000,194000,17700,8600,14100,3620000,1
2025-06-01,C015,Titan Aerospace,P04,Corporate Lending,United States,B006,James Wilson,148000,173000,12300,7000,9900,11350000,5
2025-06-01,C015,Titan Aerospace,P05,Treasury & Risk Solutions,United States,B006,James Wilson,128000,131000,15000,8400,11000,1830000,12
2025-06-01,C016,Nova Retail Holdings,P01,M&A Advisory,Canada,B011,Aisha Patel,131000,126000,18400,7200,16900,1030000,3
2025-06-01,C016,Nova Retail Holdings,P02,Debt Capital Markets,Canada,B011,Aisha Patel,86000,100000,9100,4000,7700,2460000,5
2025-06-01,C016,Nova Retail Holdings,P03,Equity Capital Markets,Canada,B011,Aisha Patel,63000,96000,7100,3600,5500,1430000,3
2025-06-01,C016,Nova Retail Holdings,P04,Corporate Lending,Canada,B011,Aisha Patel,55000,80000,4600,2700,3500,5900000,5
2025-06-01,C016,Nova Retail Holdings,P05,Treasury & Risk Solutions,Canada,B011,Aisha Patel,42000,52000,4400,2900,3700,760000,12
2025-06-01,C017,Boreal Resources,P01,M&A Advisory,Canada,B007,Nadia Hassan,185000,200000,25700,10600,22600,1480000,2
2025-06-01,C017,Boreal Resources,P02,Debt Capital Markets,Canada,B007,Nadia Hassan,132000,142000,11900,6400,10000,5050000,5
2025-06-01,C017,Boreal Resources,P03,Equity Capital Markets,Canada,B007,Nadia Hassan,79000,127000,9600,4500,7400,2560000,3
2025-06-01,C017,Boreal Resources,P04,Corporate Lending,Canada,B007,Nadia Hassan,121000,125000,8600,6500,7400,8380000,5
2025-06-01,C017,Boreal Resources,P05,Treasury & Risk Solutions,Canada,B007,Nadia Hassan,71000,80000,8200,4700,6300,1300000,13
2025-06-01,C018,Silverline Insurance,P01,M&A Advisory,Europe,B005,Sofia Martin,198000,199000,25900,10400,22800,1430000,2
2025-06-01,C018,Silverline Insurance,P02,Debt Capital Markets,Europe,B005,Sofia Martin,177000,161000,16300,8600,13500,4440000,6
2025-06-01,C018,Silverline Insurance,P03,Equity Capital Markets,Europe,B005,Sofia Martin,111000,151000,13400,6600,9400,2630000,2
2025-06-01,C018,Silverline Insurance,P04,Corporate Lending,Europe,B005,Sofia Martin,128000,130000,10100,6400,7600,8420000,3
2025-06-01,C018,Silverline Insurance,P05,Treasury & Risk Solutions,Europe,B005,Sofia Martin,109000,99000,12600,7400,9400,1230000,6
2025-06-01,C019,Redwood Media,P01,M&A Advisory,United States,B002,Daniel Brooks,99000,107000,14200,5300,12100,930000,1
2025-06-01,C019,Redwood Media,P02,Debt Capital Markets,United States,B002,Daniel Brooks,78000,100000,7800,3900,6200,2890000,5
2025-06-01,C019,Redwood Media,P03,Equity Capital Markets,United States,B002,Daniel Brooks,40000,80000,4600,2600,3500,1460000,1
2025-06-01,C019,Redwood Media,P04,Corporate Lending,United States,B002,Daniel Brooks,54000,89000,3800,2900,3200,5140000,3
2025-06-01,C019,Redwood Media,P05,Treasury & Risk Solutions,United States,B002,Daniel Brooks,44000,58000,4900,2800,3700,810000,5
2025-06-01,C020,Glacier Manufacturing,P01,M&A Advisory,Canada,B007,Nadia Hassan,223000,203000,30900,11400,26100,1340000,3
2025-06-01,C020,Glacier Manufacturing,P02,Debt Capital Markets,Canada,B007,Nadia Hassan,185000,163000,19600,9400,17000,5010000,2
2025-06-01,C020,Glacier Manufacturing,P03,Equity Capital Markets,Canada,B007,Nadia Hassan,81000,134000,9100,5000,7100,2400000,1
2025-06-01,C020,Glacier Manufacturing,P04,Corporate Lending,Canada,B007,Nadia Hassan,114000,139000,7900,5700,6200,7620000,2
2025-06-01,C020,Glacier Manufacturing,P05,Treasury & Risk Solutions,Canada,B007,Nadia Hassan,82000,97000,9600,5300,7300,1130000,13
2025-06-01,C021,Trillium Utilities,P01,M&A Advisory,Canada,B007,Nadia Hassan,175000,173000,22700,9400,19600,1430000,1
2025-06-01,C021,Trillium Utilities,P02,Debt Capital Markets,Canada,B007,Nadia Hassan,162000,159000,17000,8200,14200,4170000,3
2025-06-01,C021,Trillium Utilities,P03,Equity Capital Markets,Canada,B007,Nadia Hassan,98000,156000,11300,6200,8800,2850000,2
2025-06-01,C021,Trillium Utilities,P04,Corporate Lending,Canada,B007,Nadia Hassan,118000,133000,9300,6100,7000,8130000,2
2025-06-01,C021,Trillium Utilities,P05,Treasury & Risk Solutions,Canada,B007,Nadia Hassan,86000,87000,8600,5700,6600,1090000,10
2025-06-01,C022,Beacon Education Group,P01,M&A Advisory,Canada,B003,Priya Nair,141000,129000,17900,7300,14600,1040000,3
2025-06-01,C022,Beacon Education Group,P02,Debt Capital Markets,Canada,B003,Priya Nair,116000,98000,11300,6100,9600,3140000,2
2025-06-01,C022,Beacon Education Group,P03,Equity Capital Markets,Canada,B003,Priya Nair,76000,94000,8800,4200,6600,1500000,3
2025-06-01,C022,Beacon Education Group,P04,Corporate Lending,Canada,B003,Priya Nair,66000,78000,4900,3300,4200,5130000,4
2025-06-01,C022,Beacon Education Group,P05,Treasury & Risk Solutions,Canada,B003,Priya Nair,57000,53000,6000,3400,4700,710000,5
2025-06-01,C023,Keystone Agriculture,P01,M&A Advisory,Canada,B011,Aisha Patel,133000,125000,17200,7600,15600,810000,1
2025-06-01,C023,Keystone Agriculture,P02,Debt Capital Markets,Canada,B011,Aisha Patel,110000,95000,11600,5500,9000,2400000,3
2025-06-01,C023,Keystone Agriculture,P03,Equity Capital Markets,Canada,B011,Aisha Patel,69000,98000,8200,3900,6000,1650000,3
2025-06-01,C023,Keystone Agriculture,P04,Corporate Lending,Canada,B011,Aisha Patel,59000,74000,4500,2800,3500,4960000,2
2025-06-01,C023,Keystone Agriculture,P05,Treasury & Risk Solutions,Canada,B011,Aisha Patel,56000,58000,6300,3500,4900,700000,6
2025-06-01,C024,Pacific Hospitality,P01,M&A Advisory,Asia-Pacific,B004,Marcus Lee,79000,111000,11000,4600,10000,1010000,3
2025-06-01,C024,Pacific Hospitality,P02,Debt Capital Markets,Asia-Pacific,B004,Marcus Lee,63000,87000,6300,3000,5100,2870000,2
2025-06-01,C024,Pacific Hospitality,P03,Equity Capital Markets,Asia-Pacific,B004,Marcus Lee,51000,98000,6500,3200,4700,1400000,1
2025-06-01,C024,Pacific Hospitality,P04,Corporate Lending,Asia-Pacific,B004,Marcus Lee,54000,87000,3900,2600,3300,4800000,3
2025-06-01,C024,Pacific Hospitality,P05,Treasury & Risk Solutions,Asia-Pacific,B004,Marcus Lee,41000,53000,4800,2700,3900,840000,13
2025-07-01,C001,Northstar Energy,P01,M&A Advisory,Canada,B009,Grace Liu,208000,199000,27600,12300,24300,2010000,2
2025-07-01,C001,Northstar Energy,P02,Debt Capital Markets,Canada,B009,Grace Liu,237000,189000,22900,12300,19400,5950000,2
2025-07-01,C001,Northstar Energy,P03,Equity Capital Markets,Canada,B009,Grace Liu,122000,163000,14600,7100,11400,4100000,2
2025-07-01,C001,Northstar Energy,P04,Corporate Lending,Canada,B009,Grace Liu,156000,151000,12800,7600,10700,13110000,2
2025-07-01,C001,Northstar Energy,P05,Treasury & Risk Solutions,Canada,B009,Grace Liu,124000,99000,13700,7800,10600,1580000,8
2025-07-01,C002,Aurora Mobility,P01,M&A Advisory,United States,B002,Daniel Brooks,213000,194000,29600,11600,25200,2180000,3
2025-07-01,C002,Aurora Mobility,P02,Debt Capital Markets,United States,B002,Daniel Brooks,190000,171000,18500,9900,15000,6680000,3
2025-07-01,C002,Aurora Mobility,P03,Equity Capital Markets,United States,B002,Daniel Brooks,96000,153000,10300,5500,8000,3160000,1
2025-07-01,C002,Aurora Mobility,P04,Corporate Lending,United States,B002,Daniel Brooks,125000,165000,10300,6600,7700,13220000,4
2025-07-01,C002,Aurora Mobility,P05,Treasury & Risk Solutions,United States,B002,Daniel Brooks,92000,99000,9500,5700,7600,1500000,14
2025-07-01,C003,Maple Health Systems,P01,M&A Advisory,Canada,B007,Nadia Hassan,172000,137000,24600,8800,20900,1670000,3
2025-07-01,C003,Maple Health Systems,P02,Debt Capital Markets,Canada,B007,Nadia Hassan,146000,136000,14600,7300,11300,4160000,2
2025-07-01,C003,Maple Health Systems,P03,Equity Capital Markets,Canada,B007,Nadia Hassan,77000,110000,9900,4300,7400,2320000,2
2025-07-01,C003,Maple Health Systems,P04,Corporate Lending,Canada,B007,Nadia Hassan,108000,116000,7500,5100,6300,8600000,2
2025-07-01,C003,Maple Health Systems,P05,Treasury & Risk Solutions,Canada,B007,Nadia Hassan,78000,64000,8600,4900,7100,1170000,14
2025-07-01,C004,Horizon Telecom,P01,M&A Advisory,United States,B006,James Wilson,199000,196000,26500,10100,23200,2190000,1
2025-07-01,C004,Horizon Telecom,P02,Debt Capital Markets,United States,B006,James Wilson,191000,183000,18400,9900,14300,6640000,5
2025-07-01,C004,Horizon Telecom,P03,Equity Capital Markets,United States,B006,James Wilson,107000,162000,12500,6200,8800,3910000,3
2025-07-01,C004,Horizon Telecom,P04,Corporate Lending,United States,B006,James Wilson,128000,138000,9700,6300,7500,11140000,2
2025-07-01,C004,Horizon Telecom,P05,Treasury & Risk Solutions,United States,B006,James Wilson,117000,112000,12200,7200,9600,1820000,8
2025-07-01,C005,Cascade Consumer Brands,P01,M&A Advisory,Canada,B003,Priya Nair,129000,144000,17800,7000,14900,1650000,3
2025-07-01,C005,Cascade Consumer Brands,P02,Debt Capital Markets,Canada,B003,Priya Nair,120000,130000,10600,5800,9400,5000000,3
2025-07-01,C005,Cascade Consumer Brands,P03,Equity Capital Markets,Canada,B003,Priya Nair,79000,127000,9900,4800,7200,2320000,3
2025-07-01,C005,Cascade Consumer Brands,P04,Corporate Lending,Canada,B003,Priya Nair,103000,115000,7200,5500,5500,9120000,3
2025-07-01,C005,Cascade Consumer Brands,P05,Treasury & Risk Solutions,Canada,B003,Priya Nair,64000,79000,7100,4400,5900,1340000,10
2025-07-01,C006,Summit Mining,P01,M&A Advisory,Canada,B009,Grace Liu,183000,189000,26200,9600,22400,2360000,1
2025-07-01,C006,Summit Mining,P02,Debt Capital Markets,Canada,B009,Grace Liu,172000,189000,15400,8500,12000,5790000,2
2025-07-01,C006,Summit Mining,P03,Equity Capital Markets,Canada,B009,Grace Liu,101000,174000,12200,6000,9400,3340000,3
2025-07-01,C006,Summit Mining,P04,Corporate Lending,Canada,B009,Grace Liu,130000,158000,9100,6300,7000,13120000,5
2025-07-01,C006,Summit Mining,P05,Treasury & Risk Solutions,Canada,B009,Grace Liu,81000,98000,9200,5300,7400,1930000,10
2025-07-01,C007,BlueWave Infrastructure,P01,M&A Advisory,Europe,B012,Lucas Moreau,220000,235000,29900,12500,24900,2340000,3
2025-07-01,C007,BlueWave Infrastructure,P02,Debt Capital Markets,Europe,B012,Lucas Moreau,168000,169000,17800,7800,14800,7200000,5
2025-07-01,C007,BlueWave Infrastructure,P03,Equity Capital Markets,Europe,B012,Lucas Moreau,100000,148000,10600,6200,8200,4200000,3
2025-07-01,C007,BlueWave Infrastructure,P04,Corporate Lending,Europe,B012,Lucas Moreau,139000,170000,11500,6500,8600,13110000,5
2025-07-01,C007,BlueWave Infrastructure,P05,Treasury & Risk Solutions,Europe,B012,Lucas Moreau,92000,95000,10100,5800,7900,1820000,10
2025-07-01,C008,Greenfield Renewables,P01,M&A Advisory,Europe,B005,Sofia Martin,232000,227000,31100,12200,27100,1940000,3
2025-07-01,C008,Greenfield Renewables,P02,Debt Capital Markets,Europe,B005,Sofia Martin,192000,183000,20400,9600,16300,7080000,4
2025-07-01,C008,Greenfield Renewables,P03,Equity Capital Markets,Europe,B005,Sofia Martin,106000,170000,12400,6400,9100,3680000,1
2025-07-01,C008,Greenfield Renewables,P04,Corporate Lending,Europe,B005,Sofia Martin,123000,164000,10000,6100,7700,12000000,5
2025-07-01,C008,Greenfield Renewables,P05,Treasury & Risk Solutions,Europe,B005,Sofia Martin,97000,111000,9600,6700,8000,1890000,8
2025-07-01,C009,Atlas Logistics,P01,M&A Advisory,United States,B010,Michael Torres,162000,140000,23500,8900,20300,1340000,2
2025-07-01,C009,Atlas Logistics,P02,Debt Capital Markets,United States,B010,Michael Torres,158000,136000,15500,8500,13400,4740000,4
2025-07-01,C009,Atlas Logistics,P03,Equity Capital Markets,United States,B010,Michael Torres,87000,102000,10500,5200,8500,2440000,1
2025-07-01,C009,Atlas Logistics,P04,Corporate Lending,United States,B010,Michael Torres,106000,101000,8700,5000,6600,7660000,2
2025-07-01,C009,Atlas Logistics,P05,Treasury & Risk Solutions,United States,B010,Michael Torres,68000,69000,7600,4700,6100,1360000,8
2025-07-01,C010,Cedar Financial Group,P01,M&A Advisory,Canada,B007,Nadia Hassan,227000,201000,31400,11600,25600,2390000,2
2025-07-01,C010,Cedar Financial Group,P02,Debt Capital Markets,Canada,B007,Nadia Hassan,216000,161000,20200,10300,16900,6210000,3
2025-07-01,C010,Cedar Financial Group,P03,Equity Capital Markets,Canada,B007,Nadia Hassan,128000,149000,13900,7600,10000,3380000,2
2025-07-01,C010,Cedar Financial Group,P04,Corporate Lending,Canada,B007,Nadia Hassan,153000,155000,11400,8000,8600,12920000,2
2025-07-01,C010,Cedar Financial Group,P05,Treasury & Risk Solutions,Canada,B007,Nadia Hassan,127000,108000,14200,7800,10700,1520000,12
2025-07-01,C011,Polar Data Systems,P01,M&A Advisory,Canada,B007,Nadia Hassan,180000,159000,23800,10400,20300,1290000,3
2025-07-01,C011,Polar Data Systems,P02,Debt Capital Markets,Canada,B007,Nadia Hassan,146000,118000,13000,7100,10600,4210000,3
2025-07-01,C011,Polar Data Systems,P03,Equity Capital Markets,Canada,B007,Nadia Hassan,91000,125000,9900,5800,7200,2160000,1
2025-07-01,C011,Polar Data Systems,P04,Corporate Lending,Canada,B007,Nadia Hassan,85000,98000,6800,4300,5200,7970000,5
2025-07-01,C011,Polar Data Systems,P05,Treasury & Risk Solutions,Canada,B007,Nadia Hassan,73000,72000,7700,5000,6300,1110000,6
2025-07-01,C012,Evergreen Foods,P01,M&A Advisory,United States,B002,Daniel Brooks,120000,137000,14800,6800,12300,1370000,3
2025-07-01,C012,Evergreen Foods,P02,Debt Capital Markets,United States,B002,Daniel Brooks,114000,109000,11500,6000,9400,4020000,5
2025-07-01,C012,Evergreen Foods,P03,Equity Capital Markets,United States,B002,Daniel Brooks,76000,114000,8600,4500,6600,2450000,3
2025-07-01,C012,Evergreen Foods,P04,Corporate Lending,United States,B002,Daniel Brooks,101000,105000,8200,4900,7000,9710000,2
2025-07-01,C012,Evergreen Foods,P05,Treasury & Risk Solutions,United States,B002,Daniel Brooks,81000,78000,9100,5100,6700,1110000,11
2025-07-01,C013,Meridian Pharma,P01,M&A Advisory,Europe,B005,Sofia Martin,219000,238000,30600,11200,28000,2200000,2
2025-07-01,C013,Meridian Pharma,P02,Debt Capital Markets,Europe,B005,Sofia Martin,170000,173000,17000,8100,14600,7340000,3
2025-07-01,C013,Meridian Pharma,P03,Equity Capital Markets,Europe,B005,Sofia Martin,103000,168000,13200,6200,10300,3320000,1
2025-07-01,C013,Meridian Pharma,P04,Corporate Lending,Europe,B005,Sofia Martin,143000,167000,11600,7700,9700,13790000,4
2025-07-01,C013,Meridian Pharma,P05,Treasury & Risk Solutions,Europe,B005,Sofia Martin,105000,110000,11400,6700,8700,1830000,5
2025-07-01,C014,Harbour Real Estate,P01,M&A Advisory,Canada,B007,Nadia Hassan,170000,161000,21200,9000,17300,1590000,1
2025-07-01,C014,Harbour Real Estate,P02,Debt Capital Markets,Canada,B007,Nadia Hassan,138000,128000,12200,7200,10000,5000000,6
2025-07-01,C014,Harbour Real Estate,P03,Equity Capital Markets,Canada,B007,Nadia Hassan,85000,100000,9700,5400,7100,2730000,2
2025-07-01,C014,Harbour Real Estate,P04,Corporate Lending,Canada,B007,Nadia Hassan,113000,115000,8700,5300,6600,8070000,2
2025-07-01,C014,Harbour Real Estate,P05,Treasury & Risk Solutions,Canada,B007,Nadia Hassan,69000,67000,6900,4100,5700,1150000,6
2025-07-01,C015,Titan Aerospace,P01,M&A Advisory,United States,B006,James Wilson,250000,233000,35500,13400,31400,2440000,3
2025-07-01,C015,Titan Aerospace,P02,Debt Capital Markets,United States,B006,James Wilson,209000,197000,18700,9700,16400,7350000,4
2025-07-01,C015,Titan Aerospace,P03,Equity Capital Markets,United States,B006,James Wilson,117000,174000,13200,6500,10600,3760000,1
2025-07-01,C015,Titan Aerospace,P04,Corporate Lending,United States,B006,James Wilson,133000,149000,9600,6700,7300,10920000,4
2025-07-01,C015,Titan Aerospace,P05,Treasury & Risk Solutions,United States,B006,James Wilson,96000,100000,10200,6400,8200,1980000,5
2025-07-01,C016,Nova Retail Holdings,P01,M&A Advisory,Canada,B011,Aisha Patel,88000,86000,12400,4600,11000,860000,3
2025-07-01,C016,Nova Retail Holdings,P02,Debt Capital Markets,Canada,B011,Aisha Patel,82000,77000,7500,4000,6100,3060000,2
2025-07-01,C016,Nova Retail Holdings,P03,Equity Capital Markets,Canada,B011,Aisha Patel,44000,72000,5500,2700,4400,1520000,3
2025-07-01,C016,Nova Retail Holdings,P04,Corporate Lending,Canada,B011,Aisha Patel,48000,71000,3900,2400,3200,5480000,5
2025-07-01,C016,Nova Retail Holdings,P05,Treasury & Risk Solutions,Canada,B011,Aisha Patel,42000,49000,4100,2800,3100,770000,10
2025-07-01,C017,Boreal Resources,P01,M&A Advisory,Canada,B007,Nadia Hassan,158000,147000,20400,8800,16900,1720000,2
2025-07-01,C017,Boreal Resources,P02,Debt Capital Markets,Canada,B007,Nadia Hassan,111000,114000,10400,5700,8800,5200000,3
2025-07-01,C017,Boreal Resources,P03,Equity Capital Markets,Canada,B007,Nadia Hassan,75000,103000,9200,4700,7200,2720000,3
2025-07-01,C017,Boreal Resources,P04,Corporate Lending,Canada,B007,Nadia Hassan,90000,104000,6200,4700,4800,7970000,2
2025-07-01,C017,Boreal Resources,P05,Treasury & Risk Solutions,Canada,B007,Nadia Hassan,67000,70000,6700,4600,4900,1090000,13
2025-07-01,C018,Silverline Insurance,P01,M&A Advisory,Europe,B005,Sofia Martin,139000,147000,18700,7500,16200,1660000,1
2025-07-01,C018,Silverline Insurance,P02,Debt Capital Markets,Europe,B005,Sofia Martin,117000,113000,10800,6100,9200,4310000,2
2025-07-01,C018,Silverline Insurance,P03,Equity Capital Markets,Europe,B005,Sofia Martin,77000,116000,8600,4400,6400,2880000,2
2025-07-01,C018,Silverline Insurance,P04,Corporate Lending,Europe,B005,Sofia Martin,84000,95000,6100,4400,4800,9140000,3
2025-07-01,C018,Silverline Insurance,P05,Treasury & Risk Solutions,Europe,B005,Sofia Martin,62000,68000,6600,3800,5200,1310000,9
2025-07-01,C019,Redwood Media,P01,M&A Advisory,United States,B002,Daniel Brooks,73000,97000,9500,4200,8300,1080000,1
2025-07-01,C019,Redwood Media,P02,Debt Capital Markets,United States,B002,Daniel Brooks,68000,71000,6900,3500,5400,3140000,2
2025-07-01,C019,Redwood Media,P03,Equity Capital Markets,United States,B002,Daniel Brooks,40000,72000,4600,2200,3500,1470000,1
2025-07-01,C019,Redwood Media,P04,Corporate Lending,United States,B002,Daniel Brooks,45000,64000,3200,2400,2400,5540000,4
2025-07-01,C019,Redwood Media,P05,Treasury & Risk Solutions,United States,B002,Daniel Brooks,34000,46000,3600,2400,2600,650000,6
2025-07-01,C020,Glacier Manufacturing,P01,M&A Advisory,Canada,B007,Nadia Hassan,127000,143000,16700,7100,13400,1600000,1
2025-07-01,C020,Glacier Manufacturing,P02,Debt Capital Markets,Canada,B007,Nadia Hassan,118000,125000,11700,6200,9700,3970000,3
2025-07-01,C020,Glacier Manufacturing,P03,Equity Capital Markets,Canada,B007,Nadia Hassan,69000,111000,7500,3900,5800,2890000,1
2025-07-01,C020,Glacier Manufacturing,P04,Corporate Lending,Canada,B007,Nadia Hassan,104000,115000,8700,5300,7000,8770000,4
2025-07-01,C020,Glacier Manufacturing,P05,Treasury & Risk Solutions,Canada,B007,Nadia Hassan,65000,66000,6300,4400,5000,1140000,13
2025-07-01,C021,Trillium Utilities,P01,M&A Advisory,Canada,B007,Nadia Hassan,162000,154000,19700,9400,17000,1690000,1
2025-07-01,C021,Trillium Utilities,P02,Debt Capital Markets,Canada,B007,Nadia Hassan,135000,113000,11900,6700,9700,5030000,4
2025-07-01,C021,Trillium Utilities,P03,Equity Capital Markets,Canada,B007,Nadia Hassan,72000,116000,7800,4100,6000,2520000,2
2025-07-01,C021,Trillium Utilities,P04,Corporate Lending,Canada,B007,Nadia Hassan,94000,99000,7700,4700,6400,9270000,2
2025-07-01,C021,Trillium Utilities,P05,Treasury & Risk Solutions,Canada,B007,Nadia Hassan,75000,71000,7300,4900,5900,1170000,6
2025-07-01,C022,Beacon Education Group,P01,M&A Advisory,Canada,B003,Priya Nair,104000,93000,13300,6000,11500,850000,3
2025-07-01,C022,Beacon Education Group,P02,Debt Capital Markets,Canada,B003,Priya Nair,107000,84000,10000,5300,8000,3220000,5
2025-07-01,C022,Beacon Education Group,P03,Equity Capital Markets,Canada,B003,Priya Nair,43000,64000,4700,2400,3700,1440000,3
2025-07-01,C022,Beacon Education Group,P04,Corporate Lending,Canada,B003,Priya Nair,49000,64000,4000,2300,3400,6000000,5
2025-07-01,C022,Beacon Education Group,P05,Treasury & Risk Solutions,Canada,B003,Priya Nair,46000,40000,4900,3100,4000,790000,7
2025-07-01,C023,Keystone Agriculture,P01,M&A Advisory,Canada,B011,Aisha Patel,94000,100000,11700,5300,9700,1010000,2
2025-07-01,C023,Keystone Agriculture,P02,Debt Capital Markets,Canada,B011,Aisha Patel,83000,73000,8600,3900,6800,3220000,2
2025-07-01,C023,Keystone Agriculture,P03,Equity Capital Markets,Canada,B011,Aisha Patel,50000,68000,5300,3000,3900,1600000,1
2025-07-01,C023,Keystone Agriculture,P04,Corporate Lending,Canada,B011,Aisha Patel,51000,60000,3700,2600,2900,6080000,2
2025-07-01,C023,Keystone Agriculture,P05,Treasury & Risk Solutions,Canada,B011,Aisha Patel,49000,48000,5500,3100,4400,700000,12
2025-07-01,C024,Pacific Hospitality,P01,M&A Advisory,Asia-Pacific,B004,Marcus Lee,66000,90000,8800,3800,7600,1060000,3
2025-07-01,C024,Pacific Hospitality,P02,Debt Capital Markets,Asia-Pacific,B004,Marcus Lee,52000,70000,4800,2800,4000,2610000,6
2025-07-01,C024,Pacific Hospitality,P03,Equity Capital Markets,Asia-Pacific,B004,Marcus Lee,39000,67000,4200,2300,3400,1400000,3
2025-07-01,C024,Pacific Hospitality,P04,Corporate Lending,Asia-Pacific,B004,Marcus Lee,39000,67000,3100,2100,2700,5230000,4
2025-07-01,C024,Pacific Hospitality,P05,Treasury & Risk Solutions,Asia-Pacific,B004,Marcus Lee,31000,41000,3100,2200,2300,810000,6
2025-08-01,C001,Northstar Energy,P01,M&A Advisory,Canada,B009,Grace Liu,248000,216000,31900,13700,28500,2100000,2
2025-08-01,C001,Northstar Energy,P02,Debt Capital Markets,Canada,B009,Grace Liu,232000,198000,21600,11600,16700,6290000,6
2025-08-01,C001,Northstar Energy,P03,Equity Capital Markets,Canada,B009,Grace Liu,128000,173000,14900,7600,10600,3210000,2
2025-08-01,C001,Northstar Energy,P04,Corporate Lending,Canada,B009,Grace Liu,179000,175000,14800,9200,11800,12810000,2
2025-08-01,C001,Northstar Energy,P05,Treasury & Risk Solutions,Canada,B009,Grace Liu,116000,108000,13000,8100,9700,1980000,9
2025-08-01,C002,Aurora Mobility,P01,M&A Advisory,United States,B002,Daniel Brooks,247000,234000,30200,14000,24400,1910000,3
2025-08-01,C002,Aurora Mobility,P02,Debt Capital Markets,United States,B002,Daniel Brooks,218000,214000,21300,10400,16500,7030000,5
2025-08-01,C002,Aurora Mobility,P03,Equity Capital Markets,United States,B002,Daniel Brooks,108000,163000,13700,6600,9800,3670000,3
2025-08-01,C002,Aurora Mobility,P04,Corporate Lending,United States,B002,Daniel Brooks,133000,171000,10900,6200,8600,11380000,2
2025-08-01,C002,Aurora Mobility,P05,Treasury & Risk Solutions,United States,B002,Daniel Brooks,97000,104000,11200,6300,8400,1580000,9
2025-08-01,C003,Maple Health Systems,P01,M&A Advisory,Canada,B007,Nadia Hassan,171000,165000,20600,9200,18700,1370000,3
2025-08-01,C003,Maple Health Systems,P02,Debt Capital Markets,Canada,B007,Nadia Hassan,145000,130000,14100,7800,12000,3980000,5
2025-08-01,C003,Maple Health Systems,P03,Equity Capital Markets,Canada,B007,Nadia Hassan,99000,115000,12600,5600,9400,2640000,2
2025-08-01,C003,Maple Health Systems,P04,Corporate Lending,Canada,B007,Nadia Hassan,104000,113000,7400,5600,5700,9410000,3
2025-08-01,C003,Maple Health Systems,P05,Treasury & Risk Solutions,Canada,B007,Nadia Hassan,78000,70000,9100,5500,7500,1170000,8
2025-08-01,C004,Horizon Telecom,P01,M&A Advisory,United States,B006,James Wilson,206000,214000,29300,11700,25600,2160000,3
2025-08-01,C004,Horizon Telecom,P02,Debt Capital Markets,United States,B006,James Wilson,215000,205000,20000,11200,17100,5680000,5
2025-08-01,C004,Horizon Telecom,P03,Equity Capital Markets,United States,B006,James Wilson,124000,162000,13300,6900,9500,3480000,2
2025-08-01,C004,Horizon Telecom,P04,Corporate Lending,United States,B006,James Wilson,148000,170000,12300,7700,10400,12620000,3
2025-08-01,C004,Horizon Telecom,P05,Treasury & Risk Solutions,United States,B006,James Wilson,107000,100000,11400,6700,9300,1680000,7
2025-08-01,C005,Cascade Consumer Brands,P01,M&A Advisory,Canada,B003,Priya Nair,151000,154000,18600,8300,16900,1650000,3
2025-08-01,C005,Cascade Consumer Brands,P02,Debt Capital Markets,Canada,B003,Priya Nair,115000,124000,10100,6000,8000,3910000,3
2025-08-01,C005,Cascade Consumer Brands,P03,Equity Capital Markets,Canada,B003,Priya Nair,84000,135000,9100,5400,7200,2620000,1
2025-08-01,C005,Cascade Consumer Brands,P04,Corporate Lending,Canada,B003,Priya Nair,114000,124000,9100,6100,7400,7610000,4
2025-08-01,C005,Cascade Consumer Brands,P05,Treasury & Risk Solutions,Canada,B003,Priya Nair,74000,74000,8400,4900,6700,1210000,9
2025-08-01,C006,Summit Mining,P01,M&A Advisory,Canada,B009,Grace Liu,201000,226000,28600,11100,24800,2200000,3
2025-08-01,C006,Summit Mining,P02,Debt Capital Markets,Canada,B009,Grace Liu,160000,179000,14100,7900,12200,6440000,2
2025-08-01,C006,Summit Mining,P03,Equity Capital Markets,Canada,B009,Grace Liu,111000,160000,14200,7000,10400,3780000,2
2025-08-01,C006,Summit Mining,P04,Corporate Lending,Canada,B009,Grace Liu,128000,150000,9800,6700,8000,14170000,2
2025-08-01,C006,Summit Mining,P05,Treasury & Risk Solutions,Canada,B009,Grace Liu,103000,117000,12000,6600,10000,1960000,9
2025-08-01,C007,BlueWave Infrastructure,P01,M&A Advisory,Europe,B012,Lucas Moreau,261000,228000,36100,15200,30300,1900000,1
2025-08-01,C007,BlueWave Infrastructure,P02,Debt Capital Markets,Europe,B012,Lucas Moreau,201000,209000,19700,10200,16900,5780000,4
2025-08-01,C007,BlueWave Infrastructure,P03,Equity Capital Markets,Europe,B012,Lucas Moreau,114000,160000,12700,7300,10100,3350000,1
2025-08-01,C007,BlueWave Infrastructure,P04,Corporate Lending,Europe,B012,Lucas Moreau,142000,163000,10500,6900,8800,11840000,5
2025-08-01,C007,BlueWave Infrastructure,P05,Treasury & Risk Solutions,Europe,B012,Lucas Moreau,122000,114000,12200,8500,10000,1870000,10
2025-08-01,C008,Greenfield Renewables,P01,M&A Advisory,Europe,B005,Sofia Martin,252000,236000,34000,13700,28600,2470000,1
2025-08-01,C008,Greenfield Renewables,P02,Debt Capital Markets,Europe,B005,Sofia Martin,169000,185000,15200,7900,12800,6130000,5
2025-08-01,C008,Greenfield Renewables,P03,Equity Capital Markets,Europe,B005,Sofia Martin,130000,187000,14100,7800,10800,4180000,3
2025-08-01,C008,Greenfield Renewables,P04,Corporate Lending,Europe,B005,Sofia Martin,128000,149000,9600,6300,7600,12800000,3
2025-08-01,C008,Greenfield Renewables,P05,Treasury & Risk Solutions,Europe,B005,Sofia Martin,100000,102000,10900,6700,8200,1800000,6
2025-08-01,C009,Atlas Logistics,P01,M&A Advisory,United States,B010,Michael Torres,180000,144000,21900,9500,18900,1640000,1
2025-08-01,C009,Atlas Logistics,P02,Debt Capital Markets,United States,B010,Michael Torres,155000,124000,16000,8100,13900,4780000,6
2025-08-01,C009,Atlas Logistics,P03,Equity Capital Markets,United States,B010,Michael Torres,95000,132000,10500,5300,8400,2820000,3
2025-08-01,C009,Atlas Logistics,P04,Corporate Lending,United States,B010,Michael Torres,119000,117000,8500,6200,6800,7820000,5
2025-08-01,C009,Atlas Logistics,P05,Treasury & Risk Solutions,United States,B010,Michael Torres,74000,74000,7700,4400,6300,1040000,9
2025-08-01,C010,Cedar Financial Group,P01,M&A Advisory,Canada,B007,Nadia Hassan,313000,246000,37500,17100,30400,1890000,2
2025-08-01,C010,Cedar Financial Group,P02,Debt Capital Markets,Canada,B007,Nadia Hassan,244000,209000,21500,12000,17900,6300000,5
2025-08-01,C010,Cedar Financial Group,P03,Equity Capital Markets,Canada,B007,Nadia Hassan,126000,165000,13900,7600,10500,3470000,3
2025-08-01,C010,Cedar Financial Group,P04,Corporate Lending,Canada,B007,Nadia Hassan,178000,157000,13100,9200,10800,11510000,2
2025-08-01,C010,Cedar Financial Group,P05,Treasury & Risk Solutions,Canada,B007,Nadia Hassan,115000,112000,13300,7900,10100,1860000,7
2025-08-01,C011,Polar Data Systems,P01,M&A Advisory,Canada,B007,Nadia Hassan,175000,161000,21700,9900,19700,1640000,2
2025-08-01,C011,Polar Data Systems,P02,Debt Capital Markets,Canada,B007,Nadia Hassan,148000,128000,14800,6900,12000,4700000,6
2025-08-01,C011,Polar Data Systems,P03,Equity Capital Markets,Canada,B007,Nadia Hassan,84000,119000,10600,4700,7400,2610000,3
2025-08-01,C011,Polar Data Systems,P04,Corporate Lending,Canada,B007,Nadia Hassan,95000,110000,7200,5000,5500,9700000,5
2025-08-01,C011,Polar Data Systems,P05,Treasury & Risk Solutions,Canada,B007,Nadia Hassan,73000,69000,8200,4800,6900,1080000,9
2025-08-01,C012,Evergreen Foods,P01,M&A Advisory,United States,B002,Daniel Brooks,135000,147000,18600,6900,15400,1300000,1
2025-08-01,C012,Evergreen Foods,P02,Debt Capital Markets,United States,B002,Daniel Brooks,133000,141000,12900,6700,10300,4690000,3
2025-08-01,C012,Evergreen Foods,P03,Equity Capital Markets,United States,B002,Daniel Brooks,80000,129000,9400,4800,6700,2850000,1
2025-08-01,C012,Evergreen Foods,P04,Corporate Lending,United States,B002,Daniel Brooks,108000,116000,8600,5400,6900,9600000,5
2025-08-01,C012,Evergreen Foods,P05,Treasury & Risk Solutions,United States,B002,Daniel Brooks,70000,82000,7000,4800,5800,1210000,9
2025-08-01,C013,Meridian Pharma,P01,M&A Advisory,Europe,B005,Sofia Martin,213000,240000,26000,12600,23100,2320000,2
2025-08-01,C013,Meridian Pharma,P02,Debt Capital Markets,Europe,B005,Sofia Martin,165000,174000,15100,8300,13300,6330000,3
2025-08-01,C013,Meridian Pharma,P03,Equity Capital Markets,Europe,B005,Sofia Martin,119000,189000,14600,6900,10700,4080000,2
2025-08-01,C013,Meridian Pharma,P04,Corporate Lending,Europe,B005,Sofia Martin,138000,149000,9600,7000,7400,13690000,3
2025-08-01,C013,Meridian Pharma,P05,Treasury & Risk Solutions,Europe,B005,Sofia Martin,110000,119000,12300,7200,9400,1850000,5
2025-08-01,C014,Harbour Real Estate,P01,M&A Advisory,Canada,B007,Nadia Hassan,175000,164000,22900,9400,19000,1740000,2
2025-08-01,C014,Harbour Real Estate,P02,Debt Capital Markets,Canada,B007,Nadia Hassan,133000,128000,12000,6800,9500,4730000,2
2025-08-01,C014,Harbour Real Estate,P03,Equity Capital Markets,Canada,B007,Nadia Hassan,82000,110000,9900,4800,7600,2790000,1
2025-08-01,C014,Harbour Real Estate,P04,Corporate Lending,Canada,B007,Nadia Hassan,133000,120000,10100,7000,7900,9620000,2
2025-08-01,C014,Harbour Real Estate,P05,Treasury & Risk Solutions,Canada,B007,Nadia Hassan,87000,81000,9300,5900,7700,1320000,5
2025-08-01,C015,Titan Aerospace,P01,M&A Advisory,United States,B006,James Wilson,261000,239000,36800,13900,30700,1930000,2
2025-08-01,C015,Titan Aerospace,P02,Debt Capital Markets,United States,B006,James Wilson,199000,172000,18400,10700,15300,5990000,4
2025-08-01,C015,Titan Aerospace,P03,Equity Capital Markets,United States,B006,James Wilson,109000,160000,12800,6300,9200,3440000,1
2025-08-01,C015,Titan Aerospace,P04,Corporate Lending,United States,B006,James Wilson,141000,149000,9900,6500,8200,13090000,2
2025-08-01,C015,Titan Aerospace,P05,Treasury & Risk Solutions,United States,B006,James Wilson,119000,115000,12400,7200,9500,1680000,6
2025-08-01,C016,Nova Retail Holdings,P01,M&A Advisory,Canada,B011,Aisha Patel,84000,95000,11200,4500,9000,980000,2
2025-08-01,C016,Nova Retail Holdings,P02,Debt Capital Markets,Canada,B011,Aisha Patel,78000,75000,7200,4000,5800,2740000,4
2025-08-01,C016,Nova Retail Holdings,P03,Equity Capital Markets,Canada,B011,Aisha Patel,48000,72000,5200,2900,4100,1660000,2
2025-08-01,C016,Nova Retail Holdings,P04,Corporate Lending,Canada,B011,Aisha Patel,56000,73000,4200,2800,3400,5150000,2
2025-08-01,C016,Nova Retail Holdings,P05,Treasury & Risk Solutions,Canada,B011,Aisha Patel,43000,51000,4400,2900,3400,670000,13
2025-08-01,C017,Boreal Resources,P01,M&A Advisory,Canada,B007,Nadia Hassan,149000,153000,21100,8500,18700,1570000,2
2025-08-01,C017,Boreal Resources,P02,Debt Capital Markets,Canada,B007,Nadia Hassan,155000,139000,13800,7700,11600,4250000,3
2025-08-01,C017,Boreal Resources,P03,Equity Capital Markets,Canada,B007,Nadia Hassan,76000,119000,9500,4300,7200,2320000,3
2025-08-01,C017,Boreal Resources,P04,Corporate Lending,Canada,B007,Nadia Hassan,86000,109000,6400,4100,5300,9070000,2
2025-08-01,C017,Boreal Resources,P05,Treasury & Risk Solutions,Canada,B007,Nadia Hassan,72000,85000,8300,5100,6600,1060000,6
2025-08-01,C018,Silverline Insurance,P01,M&A Advisory,Europe,B005,Sofia Martin,191000,160000,24000,11000,20200,1650000,3
2025-08-01,C018,Silverline Insurance,P02,Debt Capital Markets,Europe,B005,Sofia Martin,138000,141000,12100,7300,10700,4400000,5
2025-08-01,C018,Silverline Insurance,P03,Equity Capital Markets,Europe,B005,Sofia Martin,81000,115000,9700,5000,7700,2700000,2
2025-08-01,C018,Silverline Insurance,P04,Corporate Lending,Europe,B005,Sofia Martin,111000,120000,8900,5500,7200,7590000,4
2025-08-01,C018,Silverline Insurance,P05,Treasury & Risk Solutions,Europe,B005,Sofia Martin,88000,79000,9300,5800,7000,1220000,8
2025-08-01,C019,Redwood Media,P01,M&A Advisory,United States,B002,Daniel Brooks,71000,95000,8700,4000,8000,850000,1
2025-08-01,C019,Redwood Media,P02,Debt Capital Markets,United States,B002,Daniel Brooks,62000,76000,5900,2900,4700,2470000,4
2025-08-01,C019,Redwood Media,P03,Equity Capital Markets,United States,B002,Daniel Brooks,43000,76000,5300,2500,4000,1340000,1
2025-08-01,C019,Redwood Media,P04,Corporate Lending,United States,B002,Daniel Brooks,39000,70000,2800,2100,2200,4970000,5
2025-08-01,C019,Redwood Media,P05,Treasury & Risk Solutions,United States,B002,Daniel Brooks,34000,46000,3500,2200,2600,780000,12
2025-08-01,C020,Glacier Manufacturing,P01,M&A Advisory,Canada,B007,Nadia Hassan,170000,172000,21100,9500,17200,1500000,1
2025-08-01,C020,Glacier Manufacturing,P02,Debt Capital Markets,Canada,B007,Nadia Hassan,156000,137000,15000,8400,11700,4510000,3
2025-08-01,C020,Glacier Manufacturing,P03,Equity Capital Markets,Canada,B007,Nadia Hassan,84000,128000,10700,4700,8100,2250000,3
2025-08-01,C020,Glacier Manufacturing,P04,Corporate Lending,Canada,B007,Nadia Hassan,84000,103000,6100,4400,4700,7940000,3
2025-08-01,C020,Glacier Manufacturing,P05,Treasury & Risk Solutions,Canada,B007,Nadia Hassan,70000,78000,7200,4300,5600,1030000,5
2025-08-01,C021,Trillium Utilities,P01,M&A Advisory,Canada,B007,Nadia Hassan,182000,166000,23900,10200,20000,1470000,2
2025-08-01,C021,Trillium Utilities,P02,Debt Capital Markets,Canada,B007,Nadia Hassan,123000,128000,12000,6000,10300,5180000,6
2025-08-01,C021,Trillium Utilities,P03,Equity Capital Markets,Canada,B007,Nadia Hassan,88000,136000,9700,5400,7800,2250000,2
2025-08-01,C021,Trillium Utilities,P04,Corporate Lending,Canada,B007,Nadia Hassan,110000,120000,8300,5800,6700,9850000,5
2025-08-01,C021,Trillium Utilities,P05,Treasury & Risk Solutions,Canada,B007,Nadia Hassan,73000,83000,8500,4600,6900,1250000,11
2025-08-01,C022,Beacon Education Group,P01,M&A Advisory,Canada,B003,Priya Nair,102000,99000,14400,5600,13100,830000,1
2025-08-01,C022,Beacon Education Group,P02,Debt Capital Markets,Canada,B003,Priya Nair,82000,74000,7800,4100,6600,2980000,5
2025-08-01,C022,Beacon Education Group,P03,Equity Capital Markets,Canada,B003,Priya Nair,63000,82000,7600,3900,6000,1420000,1
2025-08-01,C022,Beacon Education Group,P04,Corporate Lending,Canada,B003,Priya Nair,63000,71000,4800,3300,3800,5070000,4
2025-08-01,C022,Beacon Education Group,P05,Treasury & Risk Solutions,Canada,B003,Priya Nair,59000,51000,6400,3800,5300,820000,11
2025-08-01,C023,Keystone Agriculture,P01,M&A Advisory,Canada,B011,Aisha Patel,103000,91000,13200,6100,10600,870000,2
2025-08-01,C023,Keystone Agriculture,P02,Debt Capital Markets,Canada,B011,Aisha Patel,78000,81000,8200,4100,6600,3150000,6
2025-08-01,C023,Keystone Agriculture,P03,Equity Capital Markets,Canada,B011,Aisha Patel,46000,73000,5000,2900,3700,1370000,1
2025-08-01,C023,Keystone Agriculture,P04,Corporate Lending,Canada,B011,Aisha Patel,61000,75000,4600,3100,3600,5050000,2
2025-08-01,C023,Keystone Agriculture,P05,Treasury & Risk Solutions,Canada,B011,Aisha Patel,41000,43000,4700,2700,3700,660000,12
2025-08-01,C024,Pacific Hospitality,P01,M&A Advisory,Asia-Pacific,B004,Marcus Lee,91000,108000,11700,5300,9800,840000,3
2025-08-01,C024,Pacific Hospitality,P02,Debt Capital Markets,Asia-Pacific,B004,Marcus Lee,70000,80000,6800,3700,5800,2580000,6
2025-08-01,C024,Pacific Hospitality,P03,Equity Capital Markets,Asia-Pacific,B004,Marcus Lee,38000,82000,4400,2300,3300,1360000,1
2025-08-01,C024,Pacific Hospitality,P04,Corporate Lending,Asia-Pacific,B004,Marcus Lee,47000,75000,3500,2300,3000,5160000,5
2025-08-01,C024,Pacific Hospitality,P05,Treasury & Risk Solutions,Asia-Pacific,B004,Marcus Lee,30000,45000,3200,1800,2400,800000,10
2025-09-01,C001,Northstar Energy,P01,M&A Advisory,Canada,B009,Grace Liu,325000,277000,43200,17200,35700,2150000,3
2025-09-01,C001,Northstar Energy,P02,Debt Capital Markets,Canada,B009,Grace Liu,316000,232000,29500,15700,23900,6810000,2
2025-09-01,C001,Northstar Energy,P03,Equity Capital Markets,Canada,B009,Grace Liu,173000,197000,19000,9600,15000,3670000,3
2025-09-01,C001,Northstar Energy,P04,Corporate Lending,Canada,B009,Grace Liu,171000,171000,13300,8200,10000,12960000,4
2025-09-01,C001,Northstar Energy,P05,Treasury & Risk Solutions,Canada,B009,Grace Liu,145000,122000,16600,9900,13700,1560000,8
2025-09-01,C002,Aurora Mobility,P01,M&A Advisory,United States,B002,Daniel Brooks,262000,259000,36700,13700,31200,2500000,2
2025-09-01,C002,Aurora Mobility,P02,Debt Capital Markets,United States,B002,Daniel Brooks,252000,227000,25100,12900,21100,5760000,3
2025-09-01,C002,Aurora Mobility,P03,Equity Capital Markets,United States,B002,Daniel Brooks,181000,221000,23100,10800,18000,3920000,2
2025-09-01,C002,Aurora Mobility,P04,Corporate Lending,United States,B002,Daniel Brooks,173000,182000,12000,8700,9700,12870000,4
2025-09-01,C002,Aurora Mobility,P05,Treasury & Risk Solutions,United States,B002,Daniel Brooks,110000,115000,12100,6800,9000,1840000,10
2025-09-01,C003,Maple Health Systems,P01,M&A Advisory,Canada,B007,Nadia Hassan,236000,185000,30900,12200,28400,1430000,1
2025-09-01,C003,Maple Health Systems,P02,Debt Capital Markets,Canada,B007,Nadia Hassan,216000,169000,20100,10400,15700,4130000,3
2025-09-01,C003,Maple Health Systems,P03,Equity Capital Markets,Canada,B007,Nadia Hassan,129000,155000,13800,7300,9700,2600000,1
2025-09-01,C003,Maple Health Systems,P04,Corporate Lending,Canada,B007,Nadia Hassan,149000,144000,10600,7500,8400,9740000,4
2025-09-01,C003,Maple Health Systems,P05,Treasury & Risk Solutions,Canada,B007,Nadia Hassan,90000,80000,9700,5600,7800,1080000,12
2025-09-01,C004,Horizon Telecom,P01,M&A Advisory,United States,B006,James Wilson,315000,284000,38800,18100,34000,2370000,1
2025-09-01,C004,Horizon Telecom,P02,Debt Capital Markets,United States,B006,James Wilson,278000,235000,26200,12800,21900,6970000,2
2025-09-01,C004,Horizon Telecom,P03,Equity Capital Markets,United States,B006,James Wilson,170000,203000,19500,9600,14900,3400000,3
2025-09-01,C004,Horizon Telecom,P04,Corporate Lending,United States,B006,James Wilson,145000,183000,11400,7600,9100,10830000,4
2025-09-01,C004,Horizon Telecom,P05,Treasury & Risk Solutions,United States,B006,James Wilson,107000,116000,11400,7400,8300,1670000,10
2025-09-01,C005,Cascade Consumer Brands,P01,M&A Advisory,Canada,B003,Priya Nair,176000,172000,24200,9500,19600,1630000,3
2025-09-01,C005,Cascade Consumer Brands,P02,Debt Capital Markets,Canada,B003,Priya Nair,183000,159000,18300,9000,15000,4950000,4
2025-09-01,C005,Cascade Consumer Brands,P03,Equity Capital Markets,Canada,B003,Priya Nair,113000,150000,12800,6800,10200,2400000,2
2025-09-01,C005,Cascade Consumer Brands,P04,Corporate Lending,Canada,B003,Priya Nair,115000,144000,9300,6000,7500,8560000,4
2025-09-01,C005,Cascade Consumer Brands,P05,Treasury & Risk Solutions,Canada,B003,Priya Nair,73000,83000,7400,5000,5500,1230000,14
2025-09-01,C006,Summit Mining,P01,M&A Advisory,Canada,B009,Grace Liu,210000,242000,30300,11700,26200,2510000,1
2025-09-01,C006,Summit Mining,P02,Debt Capital Markets,Canada,B009,Grace Liu,223000,202000,23200,11100,20600,5860000,4
2025-09-01,C006,Summit Mining,P03,Equity Capital Markets,Canada,B009,Grace Liu,159000,202000,17500,9400,12800,3650000,3
2025-09-01,C006,Summit Mining,P04,Corporate Lending,Canada,B009,Grace Liu,141000,174000,10200,7400,8700,11910000,5
2025-09-01,C006,Summit Mining,P05,Treasury & Risk Solutions,Canada,B009,Grace Liu,140000,139000,16000,8700,11600,1750000,12
2025-09-01,C007,BlueWave Infrastructure,P01,M&A Advisory,Europe,B012,Lucas Moreau,349000,297000,44700,20300,38800,2470000,3
2025-09-01,C007,BlueWave Infrastructure,P02,Debt Capital Markets,Europe,B012,Lucas Moreau,229000,220000,23000,10700,18300,6020000,2
2025-09-01,C007,BlueWave Infrastructure,P03,Equity Capital Markets,Europe,B012,Lucas Moreau,161000,228000,19200,9700,14800,3140000,2
2025-09-01,C007,BlueWave Infrastructure,P04,Corporate Lending,Europe,B012,Lucas Moreau,172000,208000,12600,9100,10100,14260000,3
2025-09-01,C007,BlueWave Infrastructure,P05,Treasury & Risk Solutions,Europe,B012,Lucas Moreau,128000,141000,12500,7800,9800,1850000,13
2025-09-01,C008,Greenfield Renewables,P01,M&A Advisory,Europe,B005,Sofia Martin,224000,242000,30700,13100,26500,2130000,1
2025-09-01,C008,Greenfield Renewables,P02,Debt Capital Markets,Europe,B005,Sofia Martin,207000,196000,21500,10500,17700,7300000,6
2025-09-01,C008,Greenfield Renewables,P03,Equity Capital Markets,Europe,B005,Sofia Martin,138000,208000,16600,8900,11800,3300000,3
2025-09-01,C008,Greenfield Renewables,P04,Corporate Lending,Europe,B005,Sofia Martin,190000,212000,14400,9100,11400,12260000,3
2025-09-01,C008,Greenfield Renewables,P05,Treasury & Risk Solutions,Europe,B005,Sofia Martin,122000,126000,11900,8100,8700,1940000,13
2025-09-01,C009,Atlas Logistics,P01,M&A Advisory,United States,B010,Michael Torres,211000,191000,28300,11500,23300,1530000,3
2025-09-01,C009,Atlas Logistics,P02,Debt Capital Markets,United States,B010,Michael Torres,227000,165000,20800,12000,17400,4900000,5
2025-09-01,C009,Atlas Logistics,P03,Equity Capital Markets,United States,B010,Michael Torres,121000,153000,15500,7100,11700,2320000,2
2025-09-01,C009,Atlas Logistics,P04,Corporate Lending,United States,B010,Michael Torres,120000,116000,9700,6200,7900,8830000,4
2025-09-01,C009,Atlas Logistics,P05,Treasury & Risk Solutions,United States,B010,Michael Torres,115000,100000,13400,7200,9900,1300000,8
2025-09-01,C010,Cedar Financial Group,P01,M&A Advisory,Canada,B007,Nadia Hassan,305000,255000,44300,17900,36000,2340000,2
2025-09-01,C010,Cedar Financial Group,P02,Debt Capital Markets,Canada,B007,Nadia Hassan,252000,203000,22100,12400,19600,7030000,4
2025-09-01,C010,Cedar Financial Group,P03,Equity Capital Markets,Canada,B007,Nadia Hassan,206000,215000,22300,12900,16300,4180000,1
2025-09-01,C010,Cedar Financial Group,P04,Corporate Lending,Canada,B007,Nadia Hassan,171000,172000,12200,8800,10500,14280000,2
2025-09-01,C010,Cedar Financial Group,P05,Treasury & Risk Solutions,Canada,B007,Nadia Hassan,145000,119000,16300,9300,13600,1670000,8
2025-09-01,C011,Polar Data Systems,P01,M&A Advisory,Canada,B007,Nadia Hassan,219000,205000,29500,11400,24200,1430000,3
2025-09-01,C011,Polar Data Systems,P02,Debt Capital Markets,Canada,B007,Nadia Hassan,198000,170000,18800,10600,14600,5090000,5
2025-09-01,C011,Polar Data Systems,P03,Equity Capital Markets,Canada,B007,Nadia Hassan,111000,138000,13500,6600,9900,2630000,2
2025-09-01,C011,Polar Data Systems,P04,Corporate Lending,Canada,B007,Nadia Hassan,133000,139000,11200,6200,8400,9240000,2
2025-09-01,C011,Polar Data Systems,P05,Treasury & Risk Solutions,Canada,B007,Nadia Hassan,83000,85000,8400,5500,6600,1040000,14
2025-09-01,C012,Evergreen Foods,P01,M&A Advisory,United States,B002,Daniel Brooks,210000,191000,30400,11300,25700,1610000,3
2025-09-01,C012,Evergreen Foods,P02,Debt Capital Markets,United States,B002,Daniel Brooks,190000,164000,16900,10100,14300,4560000,2
2025-09-01,C012,Evergreen Foods,P03,Equity Capital Markets,United States,B002,Daniel Brooks,96000,126000,12100,5600,9200,2190000,2
2025-09-01,C012,Evergreen Foods,P04,Corporate Lending,United States,B002,Daniel Brooks,106000,138000,8300,5100,7000,8980000,5
2025-09-01,C012,Evergreen Foods,P05,Treasury & Risk Solutions,United States,B002,Daniel Brooks,99000,99000,11600,6800,9100,1150000,13
2025-09-01,C013,Meridian Pharma,P01,M&A Advisory,Europe,B005,Sofia Martin,298000,284000,36500,16700,29900,2180000,3
2025-09-01,C013,Meridian Pharma,P02,Debt Capital Markets,Europe,B005,Sofia Martin,237000,218000,20800,11300,18100,5860000,6
2025-09-01,C013,Meridian Pharma,P03,Equity Capital Markets,Europe,B005,Sofia Martin,147000,213000,15700,8400,11600,3780000,2
2025-09-01,C013,Meridian Pharma,P04,Corporate Lending,Europe,B005,Sofia Martin,167000,188000,13100,8000,10400,12550000,2
2025-09-01,C013,Meridian Pharma,P05,Treasury & Risk Solutions,Europe,B005,Sofia Martin,125000,134000,13700,7700,11000,1640000,6
2025-09-01,C014,Harbour Real Estate,P01,M&A Advisory,Canada,B007,Nadia Hassan,193000,182000,24100,10900,19400,1600000,2
2025-09-01,C014,Harbour Real Estate,P02,Debt Capital Markets,Canada,B007,Nadia Hassan,190000,146000,17200,9700,13600,5120000,2
2025-09-01,C014,Harbour Real Estate,P03,Equity Capital Markets,Canada,B007,Nadia Hassan,142000,156000,18100,9000,13900,2590000,1
2025-09-01,C014,Harbour Real Estate,P04,Corporate Lending,Canada,B007,Nadia Hassan,124000,130000,8800,6000,6700,7760000,3
2025-09-01,C014,Harbour Real Estate,P05,Treasury & Risk Solutions,Canada,B007,Nadia Hassan,105000,100000,10700,6800,8800,1380000,10
2025-09-01,C015,Titan Aerospace,P01,M&A Advisory,United States,B006,James Wilson,287000,254000,38800,16500,33800,2210000,1
2025-09-01,C015,Titan Aerospace,P02,Debt Capital Markets,United States,B006,James Wilson,222000,206000,22200,10300,18000,6700000,4
2025-09-01,C015,Titan Aerospace,P03,Equity Capital Markets,United States,B006,James Wilson,147000,200000,16400,9400,13200,3890000,3
2025-09-01,C015,Titan Aerospace,P04,Corporate Lending,United States,B006,James Wilson,170000,180000,12300,8600,9900,12320000,5
2025-09-01,C015,Titan Aerospace,P05,Treasury & Risk Solutions,United States,B006,James Wilson,120000,123000,12000,7300,9500,1780000,11
2025-09-01,C016,Nova Retail Holdings,P01,M&A Advisory,Canada,B011,Aisha Patel,107000,107000,14700,6000,12300,940000,1
2025-09-01,C016,Nova Retail Holdings,P02,Debt Capital Markets,Canada,B011,Aisha Patel,110000,99000,10300,5500,8000,2510000,5
2025-09-01,C016,Nova Retail Holdings,P03,Equity Capital Markets,Canada,B011,Aisha Patel,61000,96000,7200,3500,5200,1490000,3
2025-09-01,C016,Nova Retail Holdings,P04,Corporate Lending,Canada,B011,Aisha Patel,58000,84000,4000,3000,3100,5080000,3
2025-09-01,C016,Nova Retail Holdings,P05,Treasury & Risk Solutions,Canada,B011,Aisha Patel,49000,51000,5200,3100,4100,790000,7
2025-09-01,C017,Boreal Resources,P01,M&A Advisory,Canada,B007,Nadia Hassan,222000,205000,27500,13000,23900,1290000,1
2025-09-01,C017,Boreal Resources,P02,Debt Capital Markets,Canada,B007,Nadia Hassan,169000,161000,17400,9000,13800,4510000,5
2025-09-01,C017,Boreal Resources,P03,Equity Capital Markets,Canada,B007,Nadia Hassan,101000,140000,11300,6100,8200,2750000,2
2025-09-01,C017,Boreal Resources,P04,Corporate Lending,Canada,B007,Nadia Hassan,103000,125000,8100,5100,6900,9580000,3
2025-09-01,C017,Boreal Resources,P05,Treasury & Risk Solutions,Canada,B007,Nadia Hassan,79000,82000,7900,5000,6000,1070000,12
2025-09-01,C018,Silverline Insurance,P01,M&A Advisory,Europe,B005,Sofia Martin,182000,189000,25300,10200,21500,1630000,2
2025-09-01,C018,Silverline Insurance,P02,Debt Capital Markets,Europe,B005,Sofia Martin,173000,139000,16500,8400,13600,4940000,5
2025-09-01,C018,Silverline Insurance,P03,Equity Capital Markets,Europe,B005,Sofia Martin,114000,125000,13500,6600,10300,2490000,2
2025-09-01,C018,Silverline Insurance,P04,Corporate Lending,Europe,B005,Sofia Martin,125000,128000,9400,6200,7500,8550000,5
2025-09-01,C018,Silverline Insurance,P05,Treasury & Risk Solutions,Europe,B005,Sofia Martin,76000,85000,8000,4900,6100,1180000,6
2025-09-01,C019,Redwood Media,P01,M&A Advisory,United States,B002,Daniel Brooks,97000,122000,12800,5100,11100,1030000,2
2025-09-01,C019,Redwood Media,P02,Debt Capital Markets,United States,B002,Daniel Brooks,78000,93000,7200,3900,5600,3050000,4
2025-09-01,C019,Redwood Media,P03,Equity Capital Markets,United States,B002,Daniel Brooks,67000,98000,8000,4300,6400,1580000,3
2025-09-01,C019,Redwood Media,P04,Corporate Lending,United States,B002,Daniel Brooks,49000,79000,3800,2400,2900,4610000,3
2025-09-01,C019,Redwood Media,P05,Treasury & Risk Solutions,United States,B002,Daniel Brooks,41000,50000,4700,2900,3800,700000,11
2025-09-01,C020,Glacier Manufacturing,P01,M&A Advisory,Canada,B007,Nadia Hassan,179000,169000,22000,9800,18800,1510000,1
2025-09-01,C020,Glacier Manufacturing,P02,Debt Capital Markets,Canada,B007,Nadia Hassan,149000,143000,14100,7100,11600,4610000,3
2025-09-01,C020,Glacier Manufacturing,P03,Equity Capital Markets,Canada,B007,Nadia Hassan,121000,149000,14100,7500,9900,2520000,3
2025-09-01,C020,Glacier Manufacturing,P04,Corporate Lending,Canada,B007,Nadia Hassan,129000,142000,10200,6700,8700,7330000,4
2025-09-01,C020,Glacier Manufacturing,P05,Treasury & Risk Solutions,Canada,B007,Nadia Hassan,80000,81000,8300,5000,6200,1220000,12
2025-09-01,C021,Trillium Utilities,P01,M&A Advisory,Canada,B007,Nadia Hassan,188000,174000,22900,11000,19200,1660000,1
2025-09-01,C021,Trillium Utilities,P02,Debt Capital Markets,Canada,B007,Nadia Hassan,177000,149000,18200,9400,16100,4530000,3
2025-09-01,C021,Trillium Utilities,P03,Equity Capital Markets,Canada,B007,Nadia Hassan,120000,151000,14900,6800,11400,2430000,2
2025-09-01,C021,Trillium Utilities,P04,Corporate Lending,Canada,B007,Nadia Hassan,126000,133000,10100,5900,8300,9840000,4
2025-09-01,C021,Trillium Utilities,P05,Treasury & Risk Solutions,Canada,B007,Nadia Hassan,86000,89000,9000,5500,7500,1240000,13
2025-09-01,C022,Beacon Education Group,P01,M&A Advisory,Canada,B003,Priya Nair,118000,111000,15400,6200,12300,810000,1
2025-09-01,C022,Beacon Education Group,P02,Debt Capital Markets,Canada,B003,Priya Nair,98000,89000,9400,4900,7300,2660000,6
2025-09-01,C022,Beacon Education Group,P03,Equity Capital Markets,Canada,B003,Priya Nair,80000,91000,10200,4800,7700,1490000,3
2025-09-01,C022,Beacon Education Group,P04,Corporate Lending,Canada,B003,Priya Nair,77000,84000,5600,4000,4500,4930000,2
2025-09-01,C022,Beacon Education Group,P05,Treasury & Risk Solutions,Canada,B003,Priya Nair,54000,53000,6300,3400,5000,700000,14
2025-09-01,C023,Keystone Agriculture,P01,M&A Advisory,Canada,B011,Aisha Patel,114000,115000,15400,5900,13700,1060000,1
2025-09-01,C023,Keystone Agriculture,P02,Debt Capital Markets,Canada,B011,Aisha Patel,122000,98000,12600,6400,10300,2740000,2
2025-09-01,C023,Keystone Agriculture,P03,Equity Capital Markets,Canada,B011,Aisha Patel,76000,96000,8600,4800,6200,1540000,3
2025-09-01,C023,Keystone Agriculture,P04,Corporate Lending,Canada,B011,Aisha Patel,60000,73000,4200,3000,3400,6090000,4
2025-09-01,C023,Keystone Agriculture,P05,Treasury & Risk Solutions,Canada,B011,Aisha Patel,48000,52000,4800,3300,3500,760000,7
2025-09-01,C024,Pacific Hospitality,P01,M&A Advisory,Asia-Pacific,B004,Marcus Lee,88000,126000,11900,4600,10800,840000,1
2025-09-01,C024,Pacific Hospitality,P02,Debt Capital Markets,Asia-Pacific,B004,Marcus Lee,88000,93000,8800,4200,7600,2970000,6
2025-09-01,C024,Pacific Hospitality,P03,Equity Capital Markets,Asia-Pacific,B004,Marcus Lee,43000,78000,5400,2700,4000,1460000,2
2025-09-01,C024,Pacific Hospitality,P04,Corporate Lending,Asia-Pacific,B004,Marcus Lee,38000,72000,3200,1900,2600,6060000,4
2025-09-01,C024,Pacific Hospitality,P05,Treasury & Risk Solutions,Asia-Pacific,B004,Marcus Lee,44000,57000,4600,3000,3700,750000,10
2025-10-01,C001,Northstar Energy,P01,M&A Advisory,Canada,B009,Grace Liu,290000,259000,37200,15200,33800,2030000,1
2025-10-01,C001,Northstar Energy,P02,Debt Capital Markets,Canada,B009,Grace Liu,306000,213000,31600,15000,27600,6320000,3
2025-10-01,C001,Northstar Energy,P03,Equity Capital Markets,Canada,B009,Grace Liu,229000,228000,28100,13400,20200,3250000,2
2025-10-01,C001,Northstar Energy,P04,Corporate Lending,Canada,B009,Grace Liu,187000,187000,15000,9600,12800,11930000,2
2025-10-01,C001,Northstar Energy,P05,Treasury & Risk Solutions,Canada,B009,Grace Liu,138000,126000,13500,9200,10700,2020000,6
2025-10-01,C002,Aurora Mobility,P01,M&A Advisory,United States,B002,Daniel Brooks,330000,309000,41700,17700,33500,2270000,3
2025-10-01,C002,Aurora Mobility,P02,Debt Capital Markets,United States,B002,Daniel Brooks,222000,221000,23400,12000,18400,5900000,4
2025-10-01,C002,Aurora Mobility,P03,Equity Capital Markets,United States,B002,Daniel Brooks,184000,222000,23300,11700,18400,3290000,2
2025-10-01,C002,Aurora Mobility,P04,Corporate Lending,United States,B002,Daniel Brooks,176000,205000,13000,9300,9900,12850000,5
2025-10-01,C002,Aurora Mobility,P05,Treasury & Risk Solutions,United States,B002,Daniel Brooks,145000,149000,16600,8900,12600,1730000,13
2025-10-01,C003,Maple Health Systems,P01,M&A Advisory,Canada,B007,Nadia Hassan,186000,175000,24700,10100,22600,1550000,2
2025-10-01,C003,Maple Health Systems,P02,Debt Capital Markets,Canada,B007,Nadia Hassan,205000,166000,21700,10500,18000,5030000,2
2025-10-01,C003,Maple Health Systems,P03,Equity Capital Markets,Canada,B007,Nadia Hassan,139000,142000,16500,8000,13100,2370000,2
2025-10-01,C003,Maple Health Systems,P04,Corporate Lending,Canada,B007,Nadia Hassan,154000,152000,10800,7200,8200,8810000,5
2025-10-01,C003,Maple Health Systems,P05,Treasury & Risk Solutions,Canada,B007,Nadia Hassan,107000,93000,11800,6600,9700,1230000,11
2025-10-01,C004,Horizon Telecom,P01,M&A Advisory,United States,B006,James Wilson,272000,282000,32900,15400,27500,2250000,2
2025-10-01,C004,Horizon Telecom,P02,Debt Capital Markets,United States,B006,James Wilson,218000,212000,22200,10100,17800,7330000,6
2025-10-01,C004,Horizon Telecom,P03,Equity Capital Markets,United States,B006,James Wilson,171000,232000,20800,10500,16300,3340000,2
2025-10-01,C004,Horizon Telecom,P04,Corporate Lending,United States,B006,James Wilson,199000,227000,13900,9700,11100,11660000,4
2025-10-01,C004,Horizon Telecom,P05,Treasury & Risk Solutions,United States,B006,James Wilson,128000,129000,13200,8800,10700,1540000,13
2025-10-01,C005,Cascade Consumer Brands,P01,M&A Advisory,Canada,B003,Priya Nair,209000,203000,26000,11300,22300,1350000,1
2025-10-01,C005,Cascade Consumer Brands,P02,Debt Capital Markets,Canada,B003,Priya Nair,148000,156000,15300,7500,12500,4750000,4
2025-10-01,C005,Cascade Consumer Brands,P03,Equity Capital Markets,Canada,B003,Priya Nair,111000,141000,13600,6700,9600,2540000,3
2025-10-01,C005,Cascade Consumer Brands,P04,Corporate Lending,Canada,B003,Priya Nair,105000,135000,7600,5500,6100,8340000,5
2025-10-01,C005,Cascade Consumer Brands,P05,Treasury & Risk Solutions,Canada,B003,Priya Nair,85000,88000,9900,5100,8200,1080000,14
2025-10-01,C006,Summit Mining,P01,M&A Advisory,Canada,B009,Grace Liu,337000,314000,44500,18600,40900,1900000,2
2025-10-01,C006,Summit Mining,P02,Debt Capital Markets,Canada,B009,Grace Liu,209000,213000,21400,9800,17700,6700000,3
2025-10-01,C006,Summit Mining,P03,Equity Capital Markets,Canada,B009,Grace Liu,154000,238000,18200,9700,14600,4110000,2
2025-10-01,C006,Summit Mining,P04,Corporate Lending,Canada,B009,Grace Liu,187000,227000,13100,9300,9900,10890000,4
2025-10-01,C006,Summit Mining,P05,Treasury & Risk Solutions,Canada,B009,Grace Liu,104000,125000,11400,6600,8800,1740000,5
2025-10-01,C007,BlueWave Infrastructure,P01,M&A Advisory,Europe,B012,Lucas Moreau,288000,286000,35000,15500,30400,2110000,3
2025-10-01,C007,BlueWave Infrastructure,P02,Debt Capital Markets,Europe,B012,Lucas Moreau,262000,212000,24300,12800,21500,6090000,5
2025-10-01,C007,BlueWave Infrastructure,P03,Equity Capital Markets,Europe,B012,Lucas Moreau,161000,210000,17100,9900,12200,3950000,2
2025-10-01,C007,BlueWave Infrastructure,P04,Corporate Lending,Europe,B012,Lucas Moreau,158000,187000,12900,8500,10900,13510000,3
2025-10-01,C007,BlueWave Infrastructure,P05,Treasury & Risk Solutions,Europe,B012,Lucas Moreau,136000,146000,14700,9500,12300,1570000,12
2025-10-01,C008,Greenfield Renewables,P01,M&A Advisory,Europe,B005,Sofia Martin,249000,273000,34300,12700,27700,2120000,3
2025-10-01,C008,Greenfield Renewables,P02,Debt Capital Markets,Europe,B005,Sofia Martin,217000,219000,23000,11300,20200,6350000,4
2025-10-01,C008,Greenfield Renewables,P03,Equity Capital Markets,Europe,B005,Sofia Martin,184000,233000,21300,10600,16100,3430000,3
2025-10-01,C008,Greenfield Renewables,P04,Corporate Lending,Europe,B005,Sofia Martin,184000,209000,13600,9300,11600,12130000,4
2025-10-01,C008,Greenfield Renewables,P05,Treasury & Risk Solutions,Europe,B005,Sofia Martin,147000,145000,14500,10200,10600,1630000,11
2025-10-01,C009,Atlas Logistics,P01,M&A Advisory,United States,B010,Michael Torres,251000,213000,35200,14800,30900,1380000,1
2025-10-01,C009,Atlas Logistics,P02,Debt Capital Markets,United States,B010,Michael Torres,211000,163000,19500,9900,17200,5020000,3
2025-10-01,C009,Atlas Logistics,P03,Equity Capital Markets,United States,B010,Michael Torres,136000,169000,14500,8100,10500,2890000,1
2025-10-01,C009,Atlas Logistics,P04,Corporate Lending,United States,B010,Michael Torres,165000,151000,11400,8200,9100,8900000,3
2025-10-01,C009,Atlas Logistics,P05,Treasury & Risk Solutions,United States,B010,Michael Torres,107000,93000,10400,7200,8300,1290000,5
2025-10-01,C010,Cedar Financial Group,P01,M&A Advisory,Canada,B007,Nadia Hassan,371000,288000,47600,18900,38700,2280000,1
2025-10-01,C010,Cedar Financial Group,P02,Debt Capital Markets,Canada,B007,Nadia Hassan,349000,257000,31900,18600,26500,6380000,2
2025-10-01,C010,Cedar Financial Group,P03,Equity Capital Markets,Canada,B007,Nadia Hassan,187000,196000,20900,10700,14600,3820000,3
2025-10-01,C010,Cedar Financial Group,P04,Corporate Lending,Canada,B007,Nadia Hassan,255000,223000,19200,12700,16400,13280000,2
2025-10-01,C010,Cedar Financial Group,P05,Treasury & Risk Solutions,Canada,B007,Nadia Hassan,138000,130000,15900,8600,12100,1950000,11
2025-10-01,C011,Polar Data Systems,P01,M&A Advisory,Canada,B007,Nadia Hassan,251000,213000,32600,14800,27700,1610000,2
2025-10-01,C011,Polar Data Systems,P02,Debt Capital Markets,Canada,B007,Nadia Hassan,235000,174000,21400,12000,18800,4060000,3
2025-10-01,C011,Polar Data Systems,P03,Equity Capital Markets,Canada,B007,Nadia Hassan,149000,168000,16100,8600,12200,2440000,1
2025-10-01,C011,Polar Data Systems,P04,Corporate Lending,Canada,B007,Nadia Hassan,124000,129000,9400,5900,7500,9780000,4
2025-10-01,C011,Polar Data Systems,P05,Treasury & Risk Solutions,Canada,B007,Nadia Hassan,116000,104000,13500,7900,10100,1370000,9
2025-10-01,C012,Evergreen Foods,P01,M&A Advisory,United States,B002,Daniel Brooks,206000,201000,26600,11700,21500,1710000,2
2025-10-01,C012,Evergreen Foods,P02,Debt Capital Markets,United States,B002,Daniel Brooks,197000,172000,20300,10200,17100,4720000,2
2025-10-01,C012,Evergreen Foods,P03,Equity Capital Markets,United States,B002,Daniel Brooks,108000,135000,12300,6300,9500,2450000,1
2025-10-01,C012,Evergreen Foods,P04,Corporate Lending,United States,B002,Daniel Brooks,120000,148000,9100,6000,7000,9340000,2
2025-10-01,C012,Evergreen Foods,P05,Treasury & Risk Solutions,United States,B002,Daniel Brooks,92000,106000,9700,5900,7700,1380000,12
2025-10-01,C013,Meridian Pharma,P01,M&A Advisory,Europe,B005,Sofia Martin,272000,279000,38800,14600,31100,2400000,1
2025-10-01,C013,Meridian Pharma,P02,Debt Capital Markets,Europe,B005,Sofia Martin,289000,244000,27400,15000,22900,6310000,5
2025-10-01,C013,Meridian Pharma,P03,Equity Capital Markets,Europe,B005,Sofia Martin,156000,213000,17800,8800,12800,3830000,2
2025-10-01,C013,Meridian Pharma,P04,Corporate Lending,Europe,B005,Sofia Martin,186000,197000,14300,9400,11800,13310000,2
2025-10-01,C013,Meridian Pharma,P05,Treasury & Risk Solutions,Europe,B005,Sofia Martin,130000,130000,15000,8400,12300,1770000,10
2025-10-01,C014,Harbour Real Estate,P01,M&A Advisory,Canada,B007,Nadia Hassan,215000,208000,27300,12700,24400,1340000,1
2025-10-01,C014,Harbour Real Estate,P02,Debt Capital Markets,Canada,B007,Nadia Hassan,219000,163000,19100,10300,16100,3890000,2
2025-10-01,C014,Harbour Real Estate,P03,Equity Capital Markets,Canada,B007,Nadia Hassan,145000,170000,16900,8500,12600,2530000,2
2025-10-01,C014,Harbour Real Estate,P04,Corporate Lending,Canada,B007,Nadia Hassan,165000,150000,12000,8300,9300,8120000,5
2025-10-01,C014,Harbour Real Estate,P05,Treasury & Risk Solutions,Canada,B007,Nadia Hassan,102000,96000,10100,6800,7900,1230000,8
2025-10-01,C015,Titan Aerospace,P01,M&A Advisory,United States,B006,James Wilson,303000,300000,38900,16500,31400,2180000,2
2025-10-01,C015,Titan Aerospace,P02,Debt Capital Markets,United States,B006,James Wilson,273000,231000,24900,13200,20200,6200000,3
2025-10-01,C015,Titan Aerospace,P03,Equity Capital Markets,United States,B006,James Wilson,154000,203000,17000,9100,12100,3660000,2
2025-10-01,C015,Titan Aerospace,P04,Corporate Lending,United States,B006,James Wilson,209000,228000,15200,10100,12300,12690000,4
2025-10-01,C015,Titan Aerospace,P05,Treasury & Risk Solutions,United States,B006,James Wilson,118000,140000,13000,7400,9500,1690000,12
2025-10-01,C016,Nova Retail Holdings,P01,M&A Advisory,Canada,B011,Aisha Patel,115000,129000,16500,6000,15000,930000,1
2025-10-01,C016,Nova Retail Holdings,P02,Debt Capital Markets,Canada,B011,Aisha Patel,112000,98000,11800,5400,10000,2980000,3
2025-10-01,C016,Nova Retail Holdings,P03,Equity Capital Markets,Canada,B011,Aisha Patel,55000,86000,6300,3100,4900,1340000,3
2025-10-01,C016,Nova Retail Holdings,P04,Corporate Lending,Canada,B011,Aisha Patel,65000,94000,4800,3100,3700,5210000,2
2025-10-01,C016,Nova Retail Holdings,P05,Treasury & Risk Solutions,Canada,B011,Aisha Patel,59000,62000,6000,4100,4600,790000,12
2025-10-01,C017,Boreal Resources,P01,M&A Advisory,Canada,B007,Nadia Hassan,228000,218000,30800,12000,27700,1330000,2
2025-10-01,C017,Boreal Resources,P02,Debt Capital Markets,Canada,B007,Nadia Hassan,193000,183000,19200,9700,15000,4890000,6
2025-10-01,C017,Boreal Resources,P03,Equity Capital Markets,Canada,B007,Nadia Hassan,112000,162000,13200,7100,10200,2380000,1
2025-10-01,C017,Boreal Resources,P04,Corporate Lending,Canada,B007,Nadia Hassan,116000,134000,9000,6100,7500,8050000,3
2025-10-01,C017,Boreal Resources,P05,Treasury & Risk Solutions,Canada,B007,Nadia Hassan,92000,89000,10500,5700,7900,1190000,14
2025-10-01,C018,Silverline Insurance,P01,M&A Advisory,Europe,B005,Sofia Martin,205000,214000,25600,11200,21000,1340000,2
2025-10-01,C018,Silverline Insurance,P02,Debt Capital Markets,Europe,B005,Sofia Martin,213000,182000,19100,10800,15300,4620000,2
2025-10-01,C018,Silverline Insurance,P03,Equity Capital Markets,Europe,B005,Sofia Martin,105000,140000,11300,5900,8400,2430000,2
2025-10-01,C018,Silverline Insurance,P04,Corporate Lending,Europe,B005,Sofia Martin,125000,137000,8800,6500,6800,8580000,4
2025-10-01,C018,Silverline Insurance,P05,Treasury & Risk Solutions,Europe,B005,Sofia Martin,102000,96000,10100,6600,8200,1230000,8
2025-10-01,C019,Redwood Media,P01,M&A Advisory,United States,B002,Daniel Brooks,108000,130000,13700,5700,11100,990000,1
2025-10-01,C019,Redwood Media,P02,Debt Capital Markets,United States,B002,Daniel Brooks,104000,113000,9600,5200,8400,3220000,3
2025-10-01,C019,Redwood Media,P03,Equity Capital Markets,United States,B002,Daniel Brooks,54000,84000,6700,3200,4700,1340000,3
2025-10-01,C019,Redwood Media,P04,Corporate Lending,United States,B002,Daniel Brooks,54000,95000,3800,2900,2900,5530000,4
2025-10-01,C019,Redwood Media,P05,Treasury & Risk Solutions,United States,B002,Daniel Brooks,43000,57000,5000,2900,4100,670000,7
2025-10-01,C020,Glacier Manufacturing,P01,M&A Advisory,Canada,B007,Nadia Hassan,214000,215000,28000,12700,25000,1710000,1
2025-10-01,C020,Glacier Manufacturing,P02,Debt Capital Markets,Canada,B007,Nadia Hassan,172000,174000,17100,8500,14700,4780000,4
2025-10-01,C020,Glacier Manufacturing,P03,Equity Capital Markets,Canada,B007,Nadia Hassan,110000,148000,12400,6800,9200,2850000,1
2025-10-01,C020,Glacier Manufacturing,P04,Corporate Lending,Canada,B007,Nadia Hassan,124000,139000,9800,6100,7900,8100000,4
2025-10-01,C020,Glacier Manufacturing,P05,Treasury & Risk Solutions,Canada,B007,Nadia Hassan,92000,99000,9200,6000,7400,1210000,14
2025-10-01,C021,Trillium Utilities,P01,M&A Advisory,Canada,B007,Nadia Hassan,199000,195000,27300,11700,23200,1520000,3
2025-10-01,C021,Trillium Utilities,P02,Debt Capital Markets,Canada,B007,Nadia Hassan,199000,178000,20300,10100,17900,4520000,4
2025-10-01,C021,Trillium Utilities,P03,Equity Capital Markets,Canada,B007,Nadia Hassan,116000,139000,12900,6400,9600,2710000,1
2025-10-01,C021,Trillium Utilities,P04,Corporate Lending,Canada,B007,Nadia Hassan,124000,144000,9900,6100,8200,9710000,3
2025-10-01,C021,Trillium Utilities,P05,Treasury & Risk Solutions,Canada,B007,Nadia Hassan,95000,86000,9900,5800,7400,1240000,7
2025-10-01,C022,Beacon Education Group,P01,M&A Advisory,Canada,B003,Priya Nair,149000,123000,20800,7600,18600,1010000,3
2025-10-01,C022,Beacon Education Group,P02,Debt Capital Markets,Canada,B003,Priya Nair,148000,109000,14200,7900,12300,2560000,2
2025-10-01,C022,Beacon Education Group,P03,Equity Capital Markets,Canada,B003,Priya Nair,88000,104000,11300,5000,8800,1730000,2
2025-10-01,C022,Beacon Education Group,P04,Corporate Lending,Canada,B003,Priya Nair,71000,81000,5900,3400,4700,5970000,2
2025-10-01,C022,Beacon Education Group,P05,Treasury & Risk Solutions,Canada,B003,Priya Nair,56000,60000,6100,3500,5000,750000,14
2025-10-01,C023,Keystone Agriculture,P01,M&A Advisory,Canada,B011,Aisha Patel,125000,123000,16000,7000,13800,1070000,2
2025-10-01,C023,Keystone Agriculture,P02,Debt Capital Markets,Canada,B011,Aisha Patel,121000,95000,11500,6400,9400,2950000,2
2025-10-01,C023,Keystone Agriculture,P03,Equity Capital Markets,Canada,B011,Aisha Patel,78000,99000,9400,4900,7200,1640000,3
2025-10-01,C023,Keystone Agriculture,P04,Corporate Lending,Canada,B011,Aisha Patel,77000,93000,6000,3600,4900,4900000,5
2025-10-01,C023,Keystone Agriculture,P05,Treasury & Risk Solutions,Canada,B011,Aisha Patel,53000,56000,6000,3700,5000,790000,9
2025-10-01,C024,Pacific Hospitality,P01,M&A Advisory,Asia-Pacific,B004,Marcus Lee,84000,120000,12000,4300,10800,1080000,2
2025-10-01,C024,Pacific Hospitality,P02,Debt Capital Markets,Asia-Pacific,B004,Marcus Lee,95000,107000,9000,4900,7600,2930000,5
2025-10-01,C024,Pacific Hospitality,P03,Equity Capital Markets,Asia-Pacific,B004,Marcus Lee,53000,86000,5700,3200,4400,1670000,2
2025-10-01,C024,Pacific Hospitality,P04,Corporate Lending,Asia-Pacific,B004,Marcus Lee,46000,89000,3300,2400,2800,5190000,5
2025-10-01,C024,Pacific Hospitality,P05,Treasury & Risk Solutions,Asia-Pacific,B004,Marcus Lee,47000,65000,4700,2800,3700,650000,12
2025-11-01,C001,Northstar Energy,P01,M&A Advisory,Canada,B009,Grace Liu,332000,286000,46200,17400,37800,1980000,2
2025-11-01,C001,Northstar Energy,P02,Debt Capital Markets,Canada,B009,Grace Liu,344000,255000,33700,16900,28900,6930000,4
2025-11-01,C001,Northstar Energy,P03,Equity Capital Markets,Canada,B009,Grace Liu,249000,249000,28400,16100,21200,3920000,3
2025-11-01,C001,Northstar Energy,P04,Corporate Lending,Canada,B009,Grace Liu,230000,225000,19300,11200,14500,11220000,3
2025-11-01,C001,Northstar Energy,P05,Treasury & Risk Solutions,Canada,B009,Grace Liu,145000,143000,15900,9200,11900,1570000,6
2025-11-01,C002,Aurora Mobility,P01,M&A Advisory,United States,B002,Daniel Brooks,242000,278000,32300,14300,27000,2450000,2
2025-11-01,C002,Aurora Mobility,P02,Debt Capital Markets,United States,B002,Daniel Brooks,250000,248000,22000,11800,17900,5700000,3
2025-11-01,C002,Aurora Mobility,P03,Equity Capital Markets,United States,B002,Daniel Brooks,211000,267000,23900,11700,17500,4200000,1
2025-11-01,C002,Aurora Mobility,P04,Corporate Lending,United States,B002,Daniel Brooks,217000,233000,15400,11500,12000,13050000,2
2025-11-01,C002,Aurora Mobility,P05,Treasury & Risk Solutions,United States,B002,Daniel Brooks,153000,150000,15200,10500,11500,1570000,10
2025-11-01,C003,Maple Health Systems,P01,M&A Advisory,Canada,B007,Nadia Hassan,312000,241000,45300,16300,40800,1570000,2
2025-11-01,C003,Maple Health Systems,P02,Debt Capital Markets,Canada,B007,Nadia Hassan,215000,183000,22200,10800,19200,3880000,4
2025-11-01,C003,Maple Health Systems,P03,Equity Capital Markets,Canada,B007,Nadia Hassan,151000,184000,18100,8400,14200,2620000,1
2025-11-01,C003,Maple Health Systems,P04,Corporate Lending,Canada,B007,Nadia Hassan,151000,157000,12300,7400,10300,8760000,2
2025-11-01,C003,Maple Health Systems,P05,Treasury & Risk Solutions,Canada,B007,Nadia Hassan,112000,108000,12000,7300,10000,1310000,5
2025-11-01,C004,Horizon Telecom,P01,M&A Advisory,United States,B006,James Wilson,297000,278000,36800,16600,31600,2260000,3
2025-11-01,C004,Horizon Telecom,P02,Debt Capital Markets,United States,B006,James Wilson,273000,238000,28700,12900,25500,6200000,3
2025-11-01,C004,Horizon Telecom,P03,Equity Capital Markets,United States,B006,James Wilson,155000,225000,19900,10000,14600,3560000,2
2025-11-01,C004,Horizon Telecom,P04,Corporate Lending,United States,B006,James Wilson,203000,237000,15800,10200,12200,13070000,5
2025-11-01,C004,Horizon Telecom,P05,Treasury & Risk Solutions,United States,B006,James Wilson,176000,170000,18300,12300,14100,1690000,14
2025-11-01,C005,Cascade Consumer Brands,P01,M&A Advisory,Canada,B003,Priya Nair,204000,237000,26600,11200,23600,1610000,2
2025-11-01,C005,Cascade Consumer Brands,P02,Debt Capital Markets,Canada,B003,Priya Nair,220000,195000,21300,10500,16900,3960000,2
2025-11-01,C005,Cascade Consumer Brands,P03,Equity Capital Markets,Canada,B003,Priya Nair,120000,152000,14900,6900,11400,2620000,3
2025-11-01,C005,Cascade Consumer Brands,P04,Corporate Lending,Canada,B003,Priya Nair,143000,163000,11200,6900,9100,9260000,4
2025-11-01,C005,Cascade Consumer Brands,P05,Treasury & Risk Solutions,Canada,B003,Priya Nair,98000,109000,9900,6100,8000,1160000,6
2025-11-01,C006,Summit Mining,P01,M&A Advisory,Canada,B009,Grace Liu,315000,306000,38100,16200,32500,2420000,2
2025-11-01,C006,Summit Mining,P02,Debt Capital Markets,Canada,B009,Grace Liu,296000,267000,31000,14800,27100,5860000,5
2025-11-01,C006,Summit Mining,P03,Equity Capital Markets,Canada,B009,Grace Liu,153000,219000,18200,8700,12900,3730000,2
2025-11-01,C006,Summit Mining,P04,Corporate Lending,Canada,B009,Grace Liu,203000,229000,15000,9600,12000,13010000,4
2025-11-01,C006,Summit Mining,P05,Treasury & Risk Solutions,Canada,B009,Grace Liu,134000,164000,13200,8400,10200,1560000,14
2025-11-01,C007,BlueWave Infrastructure,P01,M&A Advisory,Europe,B012,Lucas Moreau,330000,284000,41200,19400,33400,2520000,2
2025-11-01,C007,BlueWave Infrastructure,P02,Debt Capital Markets,Europe,B012,Lucas Moreau,309000,263000,28100,16200,21800,7130000,5
2025-11-01,C007,BlueWave Infrastructure,P03,Equity Capital Markets,Europe,B012,Lucas Moreau,175000,241000,22400,10200,16600,4090000,3
2025-11-01,C007,BlueWave Infrastructure,P04,Corporate Lending,Europe,B012,Lucas Moreau,234000,228000,17600,12200,13200,13300000,4
2025-11-01,C007,BlueWave Infrastructure,P05,Treasury & Risk Solutions,Europe,B012,Lucas Moreau,184000,170000,18100,11600,15000,2000000,13
2025-11-01,C008,Greenfield Renewables,P01,M&A Advisory,Europe,B005,Sofia Martin,266000,295000,32100,14100,28400,2420000,2
2025-11-01,C008,Greenfield Renewables,P02,Debt Capital Markets,Europe,B005,Sofia Martin,315000,275000,31800,16800,27200,7090000,5
2025-11-01,C008,Greenfield Renewables,P03,Equity Capital Markets,Europe,B005,Sofia Martin,196000,245000,21000,12200,16600,3730000,1
2025-11-01,C008,Greenfield Renewables,P04,Corporate Lending,Europe,B005,Sofia Martin,201000,217000,14900,10600,12600,13190000,3
2025-11-01,C008,Greenfield Renewables,P05,Treasury & Risk Solutions,Europe,B005,Sofia Martin,150000,162000,16100,10400,13400,1880000,9
2025-11-01,C009,Atlas Logistics,P01,M&A Advisory,United States,B010,Michael Torres,244000,216000,33600,14100,29100,1710000,2
2025-11-01,C009,Atlas Logistics,P02,Debt Capital Markets,United States,B010,Michael Torres,229000,195000,20100,11500,17300,4430000,2
2025-11-01,C009,Atlas Logistics,P03,Equity Capital Markets,United States,B010,Michael Torres,147000,179000,18600,9400,13000,2740000,3
2025-11-01,C009,Atlas Logistics,P04,Corporate Lending,United States,B010,Michael Torres,159000,152000,11100,8500,8600,9360000,3
2025-11-01,C009,Atlas Logistics,P05,Treasury & Risk Solutions,United States,B010,Michael Torres,100000,104000,11300,6600,9400,1150000,10
2025-11-01,C010,Cedar Financial Group,P01,M&A Advisory,Canada,B007,Nadia Hassan,365000,299000,45800,19700,42100,2090000,2
2025-11-01,C010,Cedar Financial Group,P02,Debt Capital Markets,Canada,B007,Nadia Hassan,293000,230000,28900,14000,25500,6530000,6
2025-11-01,C010,Cedar Financial Group,P03,Equity Capital Markets,Canada,B007,Nadia Hassan,190000,233000,23800,11400,18800,3330000,2
2025-11-01,C010,Cedar Financial Group,P04,Corporate Lending,Canada,B007,Nadia Hassan,233000,200000,18100,11100,13900,13460000,3
2025-11-01,C010,Cedar Financial Group,P05,Treasury & Risk Solutions,Canada,B007,Nadia Hassan,174000,170000,20200,11700,16600,1810000,14
2025-11-01,C011,Polar Data Systems,P01,M&A Advisory,Canada,B007,Nadia Hassan,238000,197000,33200,13600,30400,1460000,2
2025-11-01,C011,Polar Data Systems,P02,Debt Capital Markets,Canada,B007,Nadia Hassan,246000,182000,21900,13000,17900,3920000,4
2025-11-01,C011,Polar Data Systems,P03,Equity Capital Markets,Canada,B007,Nadia Hassan,113000,152000,12900,6500,9900,2200000,2
2025-11-01,C011,Polar Data Systems,P04,Corporate Lending,Canada,B007,Nadia Hassan,167000,167000,13100,8400,10800,7550000,4
2025-11-01,C011,Polar Data Systems,P05,Treasury & Risk Solutions,Canada,B007,Nadia Hassan,112000,112000,11300,7600,8800,1320000,7
2025-11-01,C012,Evergreen Foods,P01,M&A Advisory,United States,B002,Daniel Brooks,200000,211000,27100,10800,23400,1450000,3
2025-11-01,C012,Evergreen Foods,P02,Debt Capital Markets,United States,B002,Daniel Brooks,184000,181000,18900,9000,15300,4140000,5
2025-11-01,C012,Evergreen Foods,P03,Equity Capital Markets,United States,B002,Daniel Brooks,120000,159000,13000,6900,10300,2480000,3
2025-11-01,C012,Evergreen Foods,P04,Corporate Lending,United States,B002,Daniel Brooks,135000,140000,11200,6300,8700,8100000,2
2025-11-01,C012,Evergreen Foods,P05,Treasury & Risk Solutions,United States,B002,Daniel Brooks,93000,96000,9100,5600,6900,1060000,14
2025-11-01,C013,Meridian Pharma,P01,M&A Advisory,Europe,B005,Sofia Martin,293000,284000,39200,15400,31500,2420000,1
2025-11-01,C013,Meridian Pharma,P02,Debt Capital Markets,Europe,B005,Sofia Martin,257000,251000,24500,12400,20500,7440000,3
2025-11-01,C013,Meridian Pharma,P03,Equity Capital Markets,Europe,B005,Sofia Martin,201000,246000,25600,12400,19100,3920000,1
2025-11-01,C013,Meridian Pharma,P04,Corporate Lending,Europe,B005,Sofia Martin,191000,200000,14000,10100,11200,11640000,2
2025-11-01,C013,Meridian Pharma,P05,Treasury & Risk Solutions,Europe,B005,Sofia Martin,165000,160000,17700,11600,13500,1510000,6
2025-11-01,C014,Harbour Real Estate,P01,M&A Advisory,Canada,B007,Nadia Hassan,212000,195000,27600,12400,23000,1580000,3
2025-11-01,C014,Harbour Real Estate,P02,Debt Capital Markets,Canada,B007,Nadia Hassan,216000,166000,19800,11500,16900,4970000,6
2025-11-01,C014,Harbour Real Estate,P03,Equity Capital Markets,Canada,B007,Nadia Hassan,145000,181000,18300,9300,14200,2330000,1
2025-11-01,C014,Harbour Real Estate,P04,Corporate Lending,Canada,B007,Nadia Hassan,182000,170000,14300,8800,11100,9800000,5
2025-11-01,C014,Harbour Real Estate,P05,Treasury & Risk Solutions,Canada,B007,Nadia Hassan,130000,109000,14200,7900,10700,1110000,6
2025-11-01,C015,Titan Aerospace,P01,M&A Advisory,United States,B006,James Wilson,299000,331000,41000,16400,37600,1950000,3
2025-11-01,C015,Titan Aerospace,P02,Debt Capital Markets,United States,B006,James Wilson,337000,277000,35500,16200,28800,6930000,3
2025-11-01,C015,Titan Aerospace,P03,Equity Capital Markets,United States,B006,James Wilson,182000,252000,21100,10500,15000,3320000,1
2025-11-01,C015,Titan Aerospace,P04,Corporate Lending,United States,B006,James Wilson,205000,235000,15900,10000,13300,12020000,5
2025-11-01,C015,Titan Aerospace,P05,Treasury & Risk Solutions,United States,B006,James Wilson,145000,165000,15600,9700,12700,1970000,9
2025-11-01,C016,Nova Retail Holdings,P01,M&A Advisory,Canada,B011,Aisha Patel,116000,122000,15900,6000,14100,1060000,3
2025-11-01,C016,Nova Retail Holdings,P02,Debt Capital Markets,Canada,B011,Aisha Patel,118000,117000,11100,5700,8900,2590000,2
2025-11-01,C016,Nova Retail Holdings,P03,Equity Capital Markets,Canada,B011,Aisha Patel,62000,94000,7200,4000,5300,1680000,2
2025-11-01,C016,Nova Retail Holdings,P04,Corporate Lending,Canada,B011,Aisha Patel,69000,93000,5500,3500,4600,4670000,4
2025-11-01,C016,Nova Retail Holdings,P05,Treasury & Risk Solutions,Canada,B011,Aisha Patel,65000,70000,7500,4200,5900,760000,6
2025-11-01,C017,Boreal Resources,P01,M&A Advisory,Canada,B007,Nadia Hassan,224000,227000,31800,11600,25900,1630000,2
2025-11-01,C017,Boreal Resources,P02,Debt Capital Markets,Canada,B007,Nadia Hassan,173000,159000,15900,8400,13700,4060000,4
2025-11-01,C017,Boreal Resources,P03,Equity Capital Markets,Canada,B007,Nadia Hassan,109000,152000,13600,6100,10900,2610000,3
2025-11-01,C017,Boreal Resources,P04,Corporate Lending,Canada,B007,Nadia Hassan,154000,160000,11900,7200,9300,8190000,4
2025-11-01,C017,Boreal Resources,P05,Treasury & Risk Solutions,Canada,B007,Nadia Hassan,108000,118000,10500,7100,8000,1390000,11
2025-11-01,C018,Silverline Insurance,P01,M&A Advisory,Europe,B005,Sofia Martin,231000,229000,29700,12300,25300,1300000,1
2025-11-01,C018,Silverline Insurance,P02,Debt Capital Markets,Europe,B005,Sofia Martin,212000,162000,19300,10000,16400,3970000,4
2025-11-01,C018,Silverline Insurance,P03,Equity Capital Markets,Europe,B005,Sofia Martin,117000,161000,12500,7500,8900,2490000,1
2025-11-01,C018,Silverline Insurance,P04,Corporate Lending,Europe,B005,Sofia Martin,147000,170000,12100,7100,9200,7710000,4
2025-11-01,C018,Silverline Insurance,P05,Treasury & Risk Solutions,Europe,B005,Sofia Martin,107000,100000,11400,6800,8500,1300000,12
2025-11-01,C019,Redwood Media,P01,M&A Advisory,United States,B002,Daniel Brooks,109000,143000,15500,6300,12700,970000,3
2025-11-01,C019,Redwood Media,P02,Debt Capital Markets,United States,B002,Daniel Brooks,96000,101000,9900,5000,8600,3070000,3
2025-11-01,C019,Redwood Media,P03,Equity Capital Markets,United States,B002,Daniel Brooks,64000,93000,7900,4000,5800,1430000,3
2025-11-01,C019,Redwood Media,P04,Corporate Lending,United States,B002,Daniel Brooks,61000,104000,4700,3200,3700,5200000,4
2025-11-01,C019,Redwood Media,P05,Treasury & Risk Solutions,United States,B002,Daniel Brooks,50000,63000,4800,3400,3700,690000,7
2025-11-01,C020,Glacier Manufacturing,P01,M&A Advisory,Canada,B007,Nadia Hassan,211000,221000,27700,11000,23100,1690000,1
2025-11-01,C020,Glacier Manufacturing,P02,Debt Capital Markets,Canada,B007,Nadia Hassan,167000,164000,17600,8700,15000,4560000,4
2025-11-01,C020,Glacier Manufacturing,P03,Equity Capital Markets,Canada,B007,Nadia Hassan,113000,164000,12100,6800,9300,2810000,2
2025-11-01,C020,Glacier Manufacturing,P04,Corporate Lending,Canada,B007,Nadia Hassan,123000,138000,9900,5700,7400,9800000,2
2025-11-01,C020,Glacier Manufacturing,P05,Treasury & Risk Solutions,Canada,B007,Nadia Hassan,107000,103000,10700,6800,8800,1060000,14
2025-11-01,C021,Trillium Utilities,P01,M&A Advisory,Canada,B007,Nadia Hassan,226000,213000,30600,12900,27200,1490000,1
2025-11-01,C021,Trillium Utilities,P02,Debt Capital Markets,Canada,B007,Nadia Hassan,188000,172000,19300,9600,15800,4310000,5
2025-11-01,C021,Trillium Utilities,P03,Equity Capital Markets,Canada,B007,Nadia Hassan,143000,163000,15500,8200,11000,2880000,2
2025-11-01,C021,Trillium Utilities,P04,Corporate Lending,Canada,B007,Nadia Hassan,153000,156000,10800,7100,9100,8240000,4
2025-11-01,C021,Trillium Utilities,P05,Treasury & Risk Solutions,Canada,B007,Nadia Hassan,129000,116000,14200,8700,11500,1340000,6
2025-11-01,C022,Beacon Education Group,P01,M&A Advisory,Canada,B003,Priya Nair,143000,120000,20300,7800,18600,890000,1
2025-11-01,C022,Beacon Education Group,P02,Debt Capital Markets,Canada,B003,Priya Nair,135000,112000,14000,6900,12100,2990000,2
2025-11-01,C022,Beacon Education Group,P03,Equity Capital Markets,Canada,B003,Priya Nair,86000,100000,9600,4800,7100,1790000,2
2025-11-01,C022,Beacon Education Group,P04,Corporate Lending,Canada,B003,Priya Nair,75000,91000,5400,3900,4500,4920000,3
2025-11-01,C022,Beacon Education Group,P05,Treasury & Risk Solutions,Canada,B003,Priya Nair,66000,58000,6900,4400,5600,780000,7
2025-11-01,C023,Keystone Agriculture,P01,M&A Advisory,Canada,B011,Aisha Patel,141000,134000,17300,7600,15600,1030000,1
2025-11-01,C023,Keystone Agriculture,P02,Debt Capital Markets,Canada,B011,Aisha Patel,132000,122000,14000,6900,11300,2950000,5
2025-11-01,C023,Keystone Agriculture,P03,Equity Capital Markets,Canada,B011,Aisha Patel,71000,101000,8400,4200,6400,1500000,1
2025-11-01,C023,Keystone Agriculture,P04,Corporate Lending,Canada,B011,Aisha Patel,85000,104000,6600,4200,5400,5070000,3
2025-11-01,C023,Keystone Agriculture,P05,Treasury & Risk Solutions,Canada,B011,Aisha Patel,65000,63000,6700,4500,4900,810000,12
2025-11-01,C024,Pacific Hospitality,P01,M&A Advisory,Asia-Pacific,B004,Marcus Lee,123000,142000,17700,6600,15300,940000,2
2025-11-01,C024,Pacific Hospitality,P02,Debt Capital Markets,Asia-Pacific,B004,Marcus Lee,104000,107000,10900,5300,9700,3110000,4
2025-11-01,C024,Pacific Hospitality,P03,Equity Capital Markets,Asia-Pacific,B004,Marcus Lee,49000,93000,6200,2800,4600,1730000,3
2025-11-01,C024,Pacific Hospitality,P04,Corporate Lending,Asia-Pacific,B004,Marcus Lee,66000,106000,5200,3000,4100,5950000,3
2025-11-01,C024,Pacific Hospitality,P05,Treasury & Risk Solutions,Asia-Pacific,B004,Marcus Lee,44000,64000,4600,2700,3600,790000,8
2025-12-01,C001,Northstar Energy,P01,M&A Advisory,Canada,B009,Grace Liu,380000,342000,46000,20400,41700,2500000,2
2025-12-01,C001,Northstar Energy,P02,Debt Capital Markets,Canada,B009,Grace Liu,365000,297000,35300,18700,30100,6490000,5
2025-12-01,C001,Northstar Energy,P03,Equity Capital Markets,Canada,B009,Grace Liu,257000,282000,31500,15600,25200,3820000,2
2025-12-01,C001,Northstar Energy,P04,Corporate Lending,Canada,B009,Grace Liu,217000,233000,18200,11700,13600,13280000,5
2025-12-01,C001,Northstar Energy,P05,Treasury & Risk Solutions,Canada,B009,Grace Liu,190000,165000,21600,12700,18100,1810000,12
2025-12-01,C002,Aurora Mobility,P01,M&A Advisory,United States,B002,Daniel Brooks,336000,314000,42200,17300,36200,2330000,3
2025-12-01,C002,Aurora Mobility,P02,Debt Capital Markets,United States,B002,Daniel Brooks,297000,303000,30500,14200,24300,6340000,4
2025-12-01,C002,Aurora Mobility,P03,Equity Capital Markets,United States,B002,Daniel Brooks,200000,284000,23300,11100,18600,3820000,1
2025-12-01,C002,Aurora Mobility,P04,Corporate Lending,United States,B002,Daniel Brooks,228000,250000,17600,10900,14600,12740000,4
2025-12-01,C002,Aurora Mobility,P05,Treasury & Risk Solutions,United States,B002,Daniel Brooks,168000,176000,19700,11700,15000,1770000,9
2025-12-01,C003,Maple Health Systems,P01,M&A Advisory,Canada,B007,Nadia Hassan,262000,226000,34200,14800,31100,1500000,2
2025-12-01,C003,Maple Health Systems,P02,Debt Capital Markets,Canada,B007,Nadia Hassan,267000,206000,25800,13700,20000,4680000,3
2025-12-01,C003,Maple Health Systems,P03,Equity Capital Markets,Canada,B007,Nadia Hassan,174000,179000,21500,10200,16600,2570000,2
2025-12-01,C003,Maple Health Systems,P04,Corporate Lending,Canada,B007,Nadia Hassan,176000,159000,13500,8500,11300,8260000,3
2025-12-01,C003,Maple Health Systems,P05,Treasury & Risk Solutions,Canada,B007,Nadia Hassan,135000,125000,13800,9400,11400,1380000,5
2025-12-01,C004,Horizon Telecom,P01,M&A Advisory,United States,B006,James Wilson,338000,345000,46700,19700,41500,2010000,2
2025-12-01,C004,Horizon Telecom,P02,Debt Capital Markets,United States,B006,James Wilson,271000,253000,25900,13200,22900,7300000,2
2025-12-01,C004,Horizon Telecom,P03,Equity Capital Markets,United States,B006,James Wilson,198000,250000,22000,12800,15800,3780000,3
2025-12-01,C004,Horizon Telecom,P04,Corporate Lending,United States,B006,James Wilson,233000,248000,18500,11800,15000,13490000,3
2025-12-01,C004,Horizon Telecom,P05,Treasury & Risk Solutions,United States,B006,James Wilson,154000,165000,17000,9600,13600,1600000,12
2025-12-01,C005,Cascade Consumer Brands,P01,M&A Advisory,Canada,B003,Priya Nair,231000,218000,31600,13200,28800,1330000,1
2025-12-01,C005,Cascade Consumer Brands,P02,Debt Capital Markets,Canada,B003,Priya Nair,228000,191000,21200,11300,17100,4660000,3
2025-12-01,C005,Cascade Consumer Brands,P03,Equity Capital Markets,Canada,B003,Priya Nair,130000,186000,16600,7900,13200,2250000,3
2025-12-01,C005,Cascade Consumer Brands,P04,Corporate Lending,Canada,B003,Priya Nair,145000,154000,10500,7100,8700,9710000,3
2025-12-01,C005,Cascade Consumer Brands,P05,Treasury & Risk Solutions,Canada,B003,Priya Nair,105000,126000,11500,7000,9000,1240000,9
2025-12-01,C006,Summit Mining,P01,M&A Advisory,Canada,B009,Grace Liu,274000,301000,38500,16100,30800,2250000,1
2025-12-01,C006,Summit Mining,P02,Debt Capital Markets,Canada,B009,Grace Liu,243000,255000,24100,11200,19000,6260000,3
2025-12-01,C006,Summit Mining,P03,Equity Capital Markets,Canada,B009,Grace Liu,162000,239000,18500,10200,13800,3260000,2
2025-12-01,C006,Summit Mining,P04,Corporate Lending,Canada,B009,Grace Liu,199000,244000,13900,10600,11300,12660000,2
2025-12-01,C006,Summit Mining,P05,Treasury & Risk Solutions,Canada,B009,Grace Liu,132000,159000,14600,8900,12100,1800000,5
2025-12-01,C007,BlueWave Infrastructure,P01,M&A Advisory,Europe,B012,Lucas Moreau,345000,344000,46200,19300,39300,2290000,3
2025-12-01,C007,BlueWave Infrastructure,P02,Debt Capital Markets,Europe,B012,Lucas Moreau,302000,256000,31000,16200,27400,6800000,5
2025-12-01,C007,BlueWave Infrastructure,P03,Equity Capital Markets,Europe,B012,Lucas Moreau,228000,270000,28200,14600,20200,3990000,3
2025-12-01,C007,BlueWave Infrastructure,P04,Corporate Lending,Europe,B012,Lucas Moreau,204000,247000,15400,9500,13100,10890000,3
2025-12-01,C007,BlueWave Infrastructure,P05,Treasury & Risk Solutions,Europe,B012,Lucas Moreau,202000,183000,20100,13800,14800,1790000,13
2025-12-01,C008,Greenfield Renewables,P01,M&A Advisory,Europe,B005,Sofia Martin,316000,367000,44200,18700,39500,1980000,3
2025-12-01,C008,Greenfield Renewables,P02,Debt Capital Markets,Europe,B005,Sofia Martin,246000,257000,24200,11500,20500,5750000,5
2025-12-01,C008,Greenfield Renewables,P03,Equity Capital Markets,Europe,B005,Sofia Martin,192000,281000,21000,11900,16100,3650000,1
2025-12-01,C008,Greenfield Renewables,P04,Corporate Lending,Europe,B005,Sofia Martin,179000,226000,13000,8800,10700,10690000,4
2025-12-01,C008,Greenfield Renewables,P05,Treasury & Risk Solutions,Europe,B005,Sofia Martin,145000,176000,14900,9300,11100,1550000,6
2025-12-01,C009,Atlas Logistics,P01,M&A Advisory,United States,B010,Michael Torres,232000,214000,31700,12700,29100,1620000,3
2025-12-01,C009,Atlas Logistics,P02,Debt Capital Markets,United States,B010,Michael Torres,206000,174000,21300,10400,16500,3980000,3
2025-12-01,C009,Atlas Logistics,P03,Equity Capital Markets,United States,B010,Michael Torres,163000,188000,17700,9300,13300,2790000,1
2025-12-01,C009,Atlas Logistics,P04,Corporate Lending,United States,B010,Michael Torres,136000,149000,11000,6700,8200,8910000,5
2025-12-01,C009,Atlas Logistics,P05,Treasury & Risk Solutions,United States,B010,Michael Torres,120000,106000,12600,7700,10400,1290000,14
2025-12-01,C010,Cedar Financial Group,P01,M&A Advisory,Canada,B007,Nadia Hassan,409000,315000,57000,22600,50700,2330000,3
2025-12-01,C010,Cedar Financial Group,P02,Debt Capital Markets,Canada,B007,Nadia Hassan,373000,287000,36600,18100,32400,6480000,6
2025-12-01,C010,Cedar Financial Group,P03,Equity Capital Markets,Canada,B007,Nadia Hassan,257000,293000,28100,16200,20300,3820000,2
2025-12-01,C010,Cedar Financial Group,P04,Corporate Lending,Canada,B007,Nadia Hassan,231000,241000,18800,12300,15800,13250000,3
2025-12-01,C010,Cedar Financial Group,P05,Treasury & Risk Solutions,Canada,B007,Nadia Hassan,199000,164000,19800,13300,15100,1700000,12
2025-12-01,C011,Polar Data Systems,P01,M&A Advisory,Canada,B007,Nadia Hassan,288000,258000,41700,16800,35900,1330000,2
2025-12-01,C011,Polar Data Systems,P02,Debt Capital Markets,Canada,B007,Nadia Hassan,219000,199000,19200,11700,16400,5010000,6
2025-12-01,C011,Polar Data Systems,P03,Equity Capital Markets,Canada,B007,Nadia Hassan,145000,173000,16700,9300,12400,2320000,1
2025-12-01,C011,Polar Data Systems,P04,Corporate Lending,Canada,B007,Nadia Hassan,168000,173000,12200,8400,9500,7590000,4
2025-12-01,C011,Polar Data Systems,P05,Treasury & Risk Solutions,Canada,B007,Nadia Hassan,131000,115000,13200,8800,10900,1200000,14
2025-12-01,C012,Evergreen Foods,P01,M&A Advisory,United States,B002,Daniel Brooks,230000,209000,32000,13000,28700,1520000,3
2025-12-01,C012,Evergreen Foods,P02,Debt Capital Markets,United States,B002,Daniel Brooks,213000,205000,20600,10000,17200,4820000,2
2025-12-01,C012,Evergreen Foods,P03,Equity Capital Markets,United States,B002,Daniel Brooks,123000,164000,14900,7600,10900,2610000,2
2025-12-01,C012,Evergreen Foods,P04,Corporate Lending,United States,B002,Daniel Brooks,141000,178000,9900,7500,7500,8280000,5
2025-12-01,C012,Evergreen Foods,P05,Treasury & Risk Solutions,United States,B002,Daniel Brooks,101000,116000,11200,6300,8400,1290000,14
2025-12-01,C013,Meridian Pharma,P01,M&A Advisory,Europe,B005,Sofia Martin,346000,360000,41800,19700,36300,2130000,3
2025-12-01,C013,Meridian Pharma,P02,Debt Capital Markets,Europe,B005,Sofia Martin,352000,296000,32100,18000,28500,5610000,2
2025-12-01,C013,Meridian Pharma,P03,Equity Capital Markets,Europe,B005,Sofia Martin,190000,275000,22000,10600,15700,3250000,2
2025-12-01,C013,Meridian Pharma,P04,Corporate Lending,Europe,B005,Sofia Martin,222000,229000,16700,11100,13600,12680000,3
2025-12-01,C013,Meridian Pharma,P05,Treasury & Risk Solutions,Europe,B005,Sofia Martin,172000,181000,19500,11200,14600,1810000,6
2025-12-01,C014,Harbour Real Estate,P01,M&A Advisory,Canada,B007,Nadia Hassan,246000,227000,33400,14000,28700,1310000,1
2025-12-01,C014,Harbour Real Estate,P02,Debt Capital Markets,Canada,B007,Nadia Hassan,243000,201000,21600,11300,17100,4070000,5
2025-12-01,C014,Harbour Real Estate,P03,Equity Capital Markets,Canada,B007,Nadia Hassan,177000,194000,22600,10600,16600,2350000,2
2025-12-01,C014,Harbour Real Estate,P04,Corporate Lending,Canada,B007,Nadia Hassan,200000,185000,15400,10500,11900,8160000,4
2025-12-01,C014,Harbour Real Estate,P05,Treasury & Risk Solutions,Canada,B007,Nadia Hassan,107000,109000,12300,7000,9400,1130000,11
2025-12-01,C015,Titan Aerospace,P01,M&A Advisory,United States,B006,James Wilson,306000,331000,37200,16800,32100,2480000,2
2025-12-01,C015,Titan Aerospace,P02,Debt Capital Markets,United States,B006,James Wilson,321000,300000,30700,16100,27000,6910000,6
2025-12-01,C015,Titan Aerospace,P03,Equity Capital Markets,United States,B006,James Wilson,205000,289000,25800,12100,18800,3420000,1
2025-12-01,C015,Titan Aerospace,P04,Corporate Lending,United States,B006,James Wilson,191000,223000,15100,9300,12600,12750000,5
2025-12-01,C015,Titan Aerospace,P05,Treasury & Risk Solutions,United States,B006,James Wilson,147000,155000,15100,8900,12500,1590000,10
2025-12-01,C016,Nova Retail Holdings,P01,M&A Advisory,Canada,B011,Aisha Patel,128000,149000,16400,6600,14500,820000,2
2025-12-01,C016,Nova Retail Holdings,P02,Debt Capital Markets,Canada,B011,Aisha Patel,116000,123000,11200,5700,8800,2680000,4
2025-12-01,C016,Nova Retail Holdings,P03,Equity Capital Markets,Canada,B011,Aisha Patel,78000,99000,8300,4700,6700,1720000,3
2025-12-01,C016,Nova Retail Holdings,P04,Corporate Lending,Canada,B011,Aisha Patel,86000,112000,7000,4200,5500,4640000,2
2025-12-01,C016,Nova Retail Holdings,P05,Treasury & Risk Solutions,Canada,B011,Aisha Patel,57000,63000,6700,3400,5200,840000,8
2025-12-01,C017,Boreal Resources,P01,M&A Advisory,Canada,B007,Nadia Hassan,244000,250000,34200,13200,30200,1670000,2
2025-12-01,C017,Boreal Resources,P02,Debt Capital Markets,Canada,B007,Nadia Hassan,222000,209000,20000,10500,16200,4180000,3
2025-12-01,C017,Boreal Resources,P03,Equity Capital Markets,Canada,B007,Nadia Hassan,148000,179000,19000,9300,14400,2840000,3
2025-12-01,C017,Boreal Resources,P04,Corporate Lending,Canada,B007,Nadia Hassan,127000,158000,9000,5900,6900,9070000,5
2025-12-01,C017,Boreal Resources,P05,Treasury & Risk Solutions,Canada,B007,Nadia Hassan,119000,115000,11800,7500,8600,1160000,5
2025-12-01,C018,Silverline Insurance,P01,M&A Advisory,Europe,B005,Sofia Martin,249000,222000,34600,14000,30400,1510000,2
2025-12-01,C018,Silverline Insurance,P02,Debt Capital Markets,Europe,B005,Sofia Martin,256000,214000,26500,12200,22200,4100000,4
2025-12-01,C018,Silverline Insurance,P03,Equity Capital Markets,Europe,B005,Sofia Martin,154000,173000,17500,9300,12800,2810000,1
2025-12-01,C018,Silverline Insurance,P04,Corporate Lending,Europe,B005,Sofia Martin,142000,154000,11600,7500,8600,8850000,4
2025-12-01,C018,Silverline Insurance,P05,Treasury & Risk Solutions,Europe,B005,Sofia Martin,119000,121000,12300,7800,9500,1130000,12
2025-12-01,C019,Redwood Media,P01,M&A Advisory,United States,B002,Daniel Brooks,106000,140000,13200,5600,11700,990000,3
2025-12-01,C019,Redwood Media,P02,Debt Capital Markets,United States,B002,Daniel Brooks,117000,117000,10800,5800,9000,2930000,3
2025-12-01,C019,Redwood Media,P03,Equity Capital Markets,United States,B002,Daniel Brooks,59000,103000,6400,3500,4900,1760000,3
2025-12-01,C019,Redwood Media,P04,Corporate Lending,United States,B002,Daniel Brooks,72000,108000,5400,3300,4100,5210000,5
2025-12-01,C019,Redwood Media,P05,Treasury & Risk Solutions,United States,B002,Daniel Brooks,66000,75000,7000,4400,5200,770000,13
2025-12-01,C020,Glacier Manufacturing,P01,M&A Advisory,Canada,B007,Nadia Hassan,228000,213000,32900,12300,29600,1650000,2
2025-12-01,C020,Glacier Manufacturing,P02,Debt Capital Markets,Canada,B007,Nadia Hassan,187000,190000,17400,10100,14800,4120000,3
2025-12-01,C020,Glacier Manufacturing,P03,Equity Capital Markets,Canada,B007,Nadia Hassan,122000,164000,13100,7900,9400,2630000,2
2025-12-01,C020,Glacier Manufacturing,P04,Corporate Lending,Canada,B007,Nadia Hassan,140000,152000,11500,6800,8800,9580000,3
2025-12-01,C020,Glacier Manufacturing,P05,Treasury & Risk Solutions,Canada,B007,Nadia Hassan,93000,103000,9600,5600,7800,1230000,6
2025-12-01,C021,Trillium Utilities,P01,M&A Advisory,Canada,B007,Nadia Hassan,228000,220000,29800,12000,26700,1580000,1
2025-12-01,C021,Trillium Utilities,P02,Debt Capital Markets,Canada,B007,Nadia Hassan,207000,189000,19400,9600,16200,4570000,6
2025-12-01,C021,Trillium Utilities,P03,Equity Capital Markets,Canada,B007,Nadia Hassan,138000,196000,17400,8300,14000,2370000,3
2025-12-01,C021,Trillium Utilities,P04,Corporate Lending,Canada,B007,Nadia Hassan,147000,170000,11800,6800,9500,9680000,2
2025-12-01,C021,Trillium Utilities,P05,Treasury & Risk Solutions,Canada,B007,Nadia Hassan,95000,101000,10200,6200,7500,1180000,9
2025-12-01,C022,Beacon Education Group,P01,M&A Advisory,Canada,B003,Priya Nair,171000,157000,22400,9800,20100,810000,2
2025-12-01,C022,Beacon Education Group,P02,Debt Capital Markets,Canada,B003,Priya Nair,138000,123000,14100,6900,11700,3040000,3
2025-12-01,C022,Beacon Education Group,P03,Equity Capital Markets,Canada,B003,Priya Nair,108000,118000,13500,6700,10100,1730000,3
2025-12-01,C022,Beacon Education Group,P04,Corporate Lending,Canada,B003,Priya Nair,103000,114000,8600,5300,6700,5180000,4
2025-12-01,C022,Beacon Education Group,P05,Treasury & Risk Solutions,Canada,B003,Priya Nair,71000,73000,7700,4900,5900,830000,7
2025-12-01,C023,Keystone Agriculture,P01,M&A Advisory,Canada,B011,Aisha Patel,165000,158000,22000,8600,18600,850000,3
2025-12-01,C023,Keystone Agriculture,P02,Debt Capital Markets,Canada,B011,Aisha Patel,128000,114000,13000,6200,10800,3130000,4
2025-12-01,C023,Keystone Agriculture,P03,Equity Capital Markets,Canada,B011,Aisha Patel,71000,101000,8400,3900,6400,1610000,1
2025-12-01,C023,Keystone Agriculture,P04,Corporate Lending,Canada,B011,Aisha Patel,77000,96000,6100,3700,4900,5040000,4
2025-12-01,C023,Keystone Agriculture,P05,Treasury & Risk Solutions,Canada,B011,Aisha Patel,61000,70000,7000,4200,5100,860000,9
2025-12-01,C024,Pacific Hospitality,P01,M&A Advisory,Asia-Pacific,B004,Marcus Lee,122000,158000,15400,7200,12500,960000,1
2025-12-01,C024,Pacific Hospitality,P02,Debt Capital Markets,Asia-Pacific,B004,Marcus Lee,116000,131000,10300,5700,8500,3050000,5
2025-12-01,C024,Pacific Hospitality,P03,Equity Capital Markets,Asia-Pacific,B004,Marcus Lee,73000,112000,8100,4600,5700,1480000,1
2025-12-01,C024,Pacific Hospitality,P04,Corporate Lending,Asia-Pacific,B004,Marcus Lee,60000,109000,4800,3100,4100,6030000,2
2025-12-01,C024,Pacific Hospitality,P05,Treasury & Risk Solutions,Asia-Pacific,B004,Marcus Lee,49000,71000,5700,3400,4300,660000,9
